# This file uses centimeters as units for non-parametric coordinates.

mtllib CableCutter.mtl
g default
v 2.288307 -0.304370 0.000000
v 2.288307 0.445671 0.000000
v 2.427314 -0.289614 -0.057578
v 2.413414 -0.304370 -0.051821
v 2.394698 -0.289614 -0.106391
v 2.384060 -0.304370 -0.095753
v 2.345886 -0.289614 -0.139006
v 2.340128 -0.304370 -0.125107
v 2.288307 -0.289614 -0.150459
v 2.288307 -0.304370 -0.135415
v 2.230729 -0.289614 -0.139006
v 2.236486 -0.304370 -0.125107
v 2.181917 -0.289614 -0.106391
v 2.192555 -0.304370 -0.095753
v 2.149302 -0.289614 -0.057578
v 2.163201 -0.304370 -0.051821
v 2.137848 -0.289614 0.000000
v 2.152893 -0.304370 0.000000
v 2.149302 -0.289614 0.057578
v 2.163201 -0.304370 0.051821
v 2.181917 -0.289614 0.106391
v 2.192555 -0.304370 0.095753
v 2.230729 -0.289614 0.139006
v 2.236486 -0.304370 0.125107
v 2.288307 -0.289614 0.150459
v 2.288307 -0.304370 0.135415
v 2.345886 -0.289614 0.139006
v 2.340128 -0.304370 0.125107
v 2.394698 -0.289614 0.106391
v 2.384060 -0.304370 0.095753
v 2.427313 -0.289614 0.057578
v 2.413414 -0.304370 0.051821
v 2.438766 -0.289614 0.000000
v 2.423722 -0.304370 0.000000
v 2.427314 0.430916 -0.057578
v 2.413414 0.445671 -0.051821
v 2.394698 0.430916 -0.106391
v 2.384060 0.445671 -0.095753
v 2.345886 0.430916 -0.139006
v 2.340128 0.445671 -0.125107
v 2.288307 0.430916 -0.150459
v 2.288307 0.445671 -0.135415
v 2.230729 0.430916 -0.139006
v 2.236486 0.445671 -0.125107
v 2.181917 0.430916 -0.106391
v 2.192555 0.445671 -0.095753
v 2.149302 0.430916 -0.057578
v 2.163201 0.445671 -0.051821
v 2.137848 0.430916 0.000000
v 2.152893 0.445671 0.000000
v 2.149302 0.430916 0.057578
v 2.163201 0.445671 0.051821
v 2.181917 0.430916 0.106391
v 2.192555 0.445671 0.095753
v 2.230729 0.430916 0.139006
v 2.236486 0.445671 0.125107
v 2.288307 0.430916 0.150459
v 2.288307 0.445671 0.135415
v 2.345886 0.430916 0.139006
v 2.340128 0.445671 0.125107
v 2.394698 0.430916 0.106391
v 2.384060 0.445671 0.095753
v 2.427313 0.430916 0.057578
v 2.413414 0.445671 0.051821
v 2.438766 0.430916 0.000000
v 2.423722 0.445671 0.000000
v -1.673201 -0.090577 -0.680022
v -1.693381 -0.170337 -0.742868
v -1.722833 -0.213686 -0.811661
v -1.756114 -0.215234 -0.879533
v -1.792356 -0.209489 -0.955992
v -1.829413 -0.218546 -1.049263
v -1.862824 -0.209658 -1.146585
v -1.889190 -0.161535 -1.210524
v -1.906313 -0.089241 -1.242012
v -1.912086 0.004408 -1.251532
v -1.906500 0.102339 -1.238113
v -1.890285 0.182816 -1.199163
v -1.864560 0.229636 -1.136364
v -1.830750 0.246309 -1.050913
v -1.792687 0.259473 -0.953546
v -1.754405 0.260876 -0.852437
v -1.719776 0.233198 -0.762229
v -1.692223 0.177504 -0.702979
v -1.674012 0.099788 -0.674157
v -1.666844 0.006840 -0.668613
v -1.399324 -0.090326 -0.730869
v -1.416163 -0.163554 -0.783122
v -1.441929 -0.213267 -0.855694
v -1.473918 -0.218363 -0.950215
v -1.509749 -0.218322 -1.054959
v -1.546024 -0.213023 -1.142927
v -1.579746 -0.191710 -1.197140
v -1.607653 -0.148801 -1.241570
v -1.625456 -0.089409 -1.258355
v -1.631418 -0.003982 -1.261448
v -1.625336 0.080828 -1.255955
v -1.608011 0.152275 -1.240674
v -1.581065 0.189902 -1.211185
v -1.546524 0.206058 -1.157426
v -1.509572 0.225147 -1.056872
v -1.473469 0.235517 -0.949637
v -1.440927 0.206641 -0.848537
v -1.415095 0.148824 -0.768099
v -1.398664 0.075301 -0.725271
v -1.393251 -0.007513 -0.713607
v -2.040433 -0.090988 -0.568123
v -2.043541 -0.176052 -0.629600
v -2.048696 -0.224495 -0.720547
v -2.055799 -0.231670 -0.817317
v -2.063773 -0.227121 -0.921358
v -2.071619 -0.229270 -1.029120
v -2.078700 -0.216930 -1.116657
v -2.084343 -0.165033 -1.177170
v -2.087935 -0.089429 -1.208832
v -2.089192 0.003376 -1.213369
v -2.087906 0.091213 -1.203431
v -2.084169 0.156337 -1.177373
v -2.078424 0.195551 -1.122586
v -2.071407 0.217868 -1.035878
v -2.063720 0.245699 -0.923006
v -2.056068 0.251781 -0.808800
v -2.049179 0.230338 -0.705317
v -2.043725 0.177504 -0.623374
v -2.040304 0.099788 -0.571224
v -2.039268 0.006840 -0.549964
v -1.829090 -0.090326 -0.645373
v -1.832727 -0.165033 -0.681598
v -1.838466 -0.215767 -0.744509
v -1.845773 -0.232617 -0.832928
v -1.853812 -0.233850 -0.934924
v -1.861782 -0.233067 -1.038926
v -1.868814 -0.217557 -1.127986
v -1.874213 -0.165033 -1.194760
v -1.877698 -0.091101 -1.231082
v -1.878925 -0.011720 -1.242165
v -1.877717 0.068074 -1.230279
v -1.874157 0.140587 -1.196829
v -1.868606 0.194972 -1.134896
v -1.861703 0.229139 -1.041613
v -1.853841 0.238358 -0.934038
v -1.845843 0.225275 -0.830692
v -1.838625 0.196473 -0.739878
v -1.832897 0.147060 -0.676903
v -1.829195 0.075301 -0.642152
v -1.827880 -0.007513 -0.632331
v -1.431188 -0.083764 -0.716761
v -1.426614 -0.149401 -0.760665
v -1.419488 -0.206289 -0.829047
v -1.410508 -0.222807 -0.915565
v -1.400556 -0.224471 -1.017020
v -1.390603 -0.228520 -1.125433
v -1.381625 -0.210808 -1.204589
v -1.374499 -0.146309 -1.261974
v -1.369924 -0.081579 -1.281045
v -1.368348 -0.010286 -1.278967
v -1.369924 0.064194 -1.266024
v -1.374499 0.116517 -1.243276
v -1.381625 0.178908 -1.192787
v -1.390603 0.220874 -1.106246
v -1.400556 0.231048 -1.010730
v -1.410508 0.224319 -0.915214
v -1.419488 0.202937 -0.829047
v -1.426614 0.148191 -0.760665
v -1.431188 0.075266 -0.716761
v -1.432765 -0.004397 -0.701633
v -0.994458 -0.084760 -0.755824
v -0.989884 -0.150376 -0.783043
v -0.982757 -0.195426 -0.811529
v -0.973779 -0.223665 -0.874747
v -0.963826 -0.222331 -0.970354
v -0.953874 -0.227763 -1.079439
v -0.944894 -0.223919 -1.172533
v -0.937768 -0.169666 -1.232148
v -0.933192 -0.095452 -1.270987
v -0.931617 -0.011078 -1.283710
v -0.933194 0.074650 -1.264302
v -0.937768 0.147925 -1.216266
v -0.944894 0.202729 -1.146967
v -0.953874 0.231405 -1.060738
v -0.963826 0.243176 -0.966085
v -0.973779 0.231678 -0.907197
v -0.982757 0.197697 -0.848882
v -0.989884 0.140759 -0.784076
v -0.994458 0.068895 -0.751300
v -0.996034 -0.008578 -0.742725
v -2.451349 -0.086508 -0.424253
v -2.462404 -0.167005 -0.494547
v -2.479628 -0.212847 -0.580106
v -2.501328 -0.219638 -0.669341
v -2.525381 -0.215333 -0.765117
v -2.549438 -0.217366 -0.864835
v -2.571138 -0.205689 -0.954712
v -2.588362 -0.156578 -1.026458
v -2.599417 -0.085032 -1.075106
v -2.603228 0.003769 -1.087899
v -2.599417 0.096442 -1.072481
v -2.588360 0.172599 -1.030614
v -2.571138 0.216906 -0.963123
v -2.549438 0.232684 -0.871316
v -2.525381 0.245142 -0.766719
v -2.501328 0.246469 -0.661055
v -2.479628 0.220277 -0.565289
v -2.462404 0.170971 -0.488933
v -2.451347 0.106220 -0.437390
v -2.447538 0.009433 -0.415270
v -2.004559 -0.085881 -0.585406
v -2.015615 -0.158015 -0.635740
v -2.032835 -0.208882 -0.702573
v -2.054537 -0.221873 -0.785553
v -2.078592 -0.221700 -0.879339
v -2.102648 -0.220959 -0.975269
v -2.124348 -0.206282 -1.066646
v -2.141571 -0.156578 -1.145799
v -2.152626 -0.085205 -1.197814
v -2.156439 -0.004172 -1.211795
v -2.152626 0.077811 -1.193694
v -2.141569 0.151770 -1.146449
v -2.124350 0.209284 -1.073037
v -2.102648 0.243698 -0.977691
v -2.078594 0.252023 -0.878477
v -2.054537 0.236423 -0.783377
v -2.032837 0.201790 -0.697719
v -2.015614 0.147129 -0.629715
v -2.004559 0.083046 -0.586790
v -2.000750 -0.002734 -0.574096
v 1.287371 0.409003 0.384746
v 1.287371 -0.140063 0.384746
v 1.534611 -0.140063 1.057622
v 1.534611 0.409003 1.057622
v 1.333116 -0.140063 1.187927
v 1.333116 0.409003 1.187927
v 1.067760 0.409003 0.465747
v 1.067760 -0.140063 0.465747
v 1.293655 -0.140063 1.168894
v 1.293655 0.409003 1.168894
v 1.067769 0.409003 0.554135
v 1.067769 -0.140063 0.554135
v 1.318046 -0.140063 1.192154
v 1.318046 0.409003 1.192154
v 1.054573 0.409003 0.475101
v 1.054573 -0.140063 0.475101
v -3.472420 -0.180409 -0.438274
v -3.041351 -0.194455 -0.458797
v -3.546245 0.094023 -0.393539
v -3.472421 0.180409 -0.438274
v -3.041351 0.194455 -0.458797
v -3.469091 -0.180409 -0.539593
v -3.043696 -0.094909 -0.856811
v -3.027069 -0.194455 -0.735448
v -2.325887 -0.094909 -1.107813
v -2.321785 -0.194455 -0.968618
v -2.338715 -0.194455 -0.649489
v -2.338715 0.194455 -0.649489
v -1.579831 -0.094909 -1.216611
v -1.580274 -0.194455 -1.098631
v -1.588466 -0.194455 -0.850181
v -1.588466 0.194455 -0.850181
v -0.695535 -0.094909 -1.198527
v -0.697420 -0.194455 -1.092474
v -0.691992 -0.194455 -0.881440
v -0.691992 0.194455 -0.881441
v 0.098688 -0.094909 -1.077191
v 0.095692 -0.194455 -0.966274
v 0.114385 -0.194455 -0.737319
v 0.114385 0.194455 -0.737319
v 0.688557 -0.094909 -0.894819
v 0.685533 -0.194455 -0.766065
v 0.706389 -0.194455 -0.480824
v 0.706389 0.194455 -0.480824
v 0.997182 -0.194455 -0.636407
v 0.997182 0.194455 -0.323642
v 0.107316 -0.094909 -0.627532
v -0.266101 0.194455 -0.829367
v 0.688557 0.094909 -0.894819
v 0.418048 -0.094909 -0.988450
v 0.414582 -0.194455 -0.869379
v 0.437901 -0.194455 -0.613128
v 0.698183 -0.094909 -0.353280
v 0.437901 0.194455 -0.613128
v 0.997182 0.094909 -0.777366
v 0.997182 -0.094909 -0.777366
v 0.997182 -0.194455 -0.323642
v 0.997182 -0.094909 -0.178015
v -3.050287 0.094909 -0.332008
v -3.027069 0.194455 -0.735448
v -2.333702 0.094909 -0.510405
v -2.321785 0.194455 -0.968618
v -1.583612 0.094909 -0.732640
v -1.580274 0.194455 -1.098631
v -0.693030 0.094909 -0.775423
v -0.697420 0.194455 -1.092474
v 0.107316 0.094909 -0.627532
v 0.095692 0.194455 -0.966275
v 0.698183 0.094909 -0.353280
v 0.685533 0.194455 -0.766065
v 0.997182 0.094909 -0.178015
v 0.997182 0.194455 -0.636407
v -3.546245 -0.094023 -0.393539
v -3.544982 -0.094023 -0.555456
v -3.322284 -0.193569 -0.428093
v -3.050288 -0.094909 -0.332008
v -2.701148 -0.194455 -0.539445
v -2.333702 -0.094909 -0.510405
v -3.469091 0.180409 -0.539593
v -3.544982 0.094023 -0.555456
v -3.351490 0.094782 -0.331968
v -3.322284 0.193569 -0.428093
v -2.701148 0.194455 -0.539445
v -3.313811 0.193569 -0.618815
v -3.043696 0.094909 -0.856811
v -2.325887 0.094909 -1.107813
v -3.347630 -0.094782 -0.703894
v -3.313811 -0.193569 -0.618815
v -2.692388 -0.094909 -0.996490
v -2.683887 -0.194455 -0.858666
v -1.579831 0.094909 -1.216611
v -1.964731 -0.094909 -1.180210
v -1.963442 -0.194455 -1.050121
v -1.977049 -0.194455 -0.762217
v -1.583612 -0.094909 -0.732640
v -1.977049 0.194455 -0.762217
v -0.695535 0.094909 -1.198527
v -1.144444 -0.094909 -1.221833
v -1.145801 -0.194455 -1.112065
v -1.147432 -0.194455 -0.889800
v -0.693030 -0.094909 -0.775423
v -1.147432 0.194455 -0.889801
v 0.098688 0.094909 -1.077191
v -0.276066 -0.094909 -1.149154
v -0.278494 -0.194455 -1.042705
v -0.266101 -0.194455 -0.829367
v -3.351490 -0.094782 -0.331968
v -2.700355 -0.094909 -0.399517
v -3.347630 0.094782 -0.703894
v -2.692388 0.094909 -0.996490
v -1.964731 0.094909 -1.180210
v -1.971012 -0.094909 -0.632846
v -1.144444 0.094909 -1.221833
v -1.145197 -0.094909 -0.780144
v -0.276066 0.094909 -1.149154
v -0.270346 -0.094909 -0.723311
v 0.418048 0.094909 -0.988450
v 0.428811 -0.094909 -0.496052
v -2.700355 0.094909 -0.399517
v -2.683887 0.194455 -0.858666
v -1.971012 0.094909 -0.632846
v -1.963442 0.194455 -1.050121
v -1.145197 0.094909 -0.780144
v -1.145801 0.194455 -1.112065
v -0.270346 0.094909 -0.723311
v -0.278494 0.194455 -1.042705
v 0.428811 0.094909 -0.496052
v 0.414582 0.194455 -0.869379
v -0.278472 -0.158502 -1.111628
v -0.483028 -0.194455 -1.071149
v -0.082433 -0.094909 -1.115768
v 0.095393 -0.158502 -1.038689
v -0.085146 -0.194455 -1.007596
v -0.474069 -0.194455 -0.860629
v -0.267032 -0.158502 -0.760640
v -0.476743 -0.094909 -0.755047
v -0.069484 -0.194455 -0.788112
v 0.112648 -0.158502 -0.665469
v -0.075205 -0.094909 -0.680659
v -0.476743 0.094909 -0.755047
v -0.267032 0.158502 -0.760640
v -0.474069 0.194455 -0.860629
v -0.075205 0.094909 -0.680659
v 0.112648 0.158502 -0.665469
v -0.069484 0.194455 -0.788112
v 0.262693 0.194455 -0.919194
v 0.414072 0.158502 -0.948052
v 0.265967 0.094909 -1.033880
v 0.550080 0.194455 -0.819856
v 0.685040 0.158502 -0.851841
v 0.553575 0.094909 -0.943516
v 0.265967 -0.094909 -1.033880
v 0.414073 -0.158502 -0.948052
v 0.262693 -0.194455 -0.919194
v 0.553575 -0.094909 -0.943516
v 0.685040 -0.158502 -0.851841
v 0.550080 -0.194455 -0.819856
v 0.284108 -0.194455 -0.677445
v 0.435598 -0.158502 -0.535453
v 0.275851 -0.094909 -0.564374
v 0.573977 -0.194455 -0.549008
v 0.704292 -0.158502 -0.395653
v 0.564605 -0.094909 -0.427436
v 0.275851 0.094909 -0.564374
v 0.435598 0.158502 -0.535453
v 0.284108 0.194455 -0.677445
v 0.564605 0.094909 -0.427436
v 0.704292 0.158502 -0.395653
v 0.573977 0.194455 -0.549008
v 0.837283 0.194455 -0.703443
v 0.997182 0.158503 -0.730268
v 0.839004 0.094909 -0.838098
v 0.839004 -0.094909 -0.838098
v 0.997182 -0.158503 -0.730268
v 0.837283 -0.194455 -0.703443
v 0.849189 -0.194455 -0.404315
v 0.997182 -0.158503 -0.227446
v 0.844498 -0.094909 -0.268343
v 0.844498 0.094909 -0.268343
v 0.997182 0.158503 -0.227446
v 0.849189 0.194455 -0.404315
v -3.356085 0.000000 -0.320669
v -3.557418 0.000000 -0.387665
v -3.051319 0.000000 -0.317797
v -3.312796 0.205426 -0.524374
v -3.032079 0.206439 -0.597575
v -3.046925 0.000000 -0.870118
v -3.353538 0.000000 -0.713352
v -3.556705 0.000000 -0.557075
v -3.032080 -0.206439 -0.597575
v -3.312796 -0.205426 -0.524374
v -2.327114 0.000000 -1.122990
v -2.694358 0.000000 -1.011433
v -2.691875 -0.206439 -0.699231
v -2.330326 -0.206439 -0.809045
v -2.699670 0.000000 -0.384223
v -2.332324 0.000000 -0.495246
v -2.691875 0.206439 -0.699231
v -2.330326 0.206439 -0.809045
v -1.580019 0.000000 -1.230121
v -1.965382 0.000000 -1.194695
v -1.970641 -0.206439 -0.906109
v -1.584811 -0.206439 -0.974369
v -1.969570 0.000000 -0.618480
v -1.582540 0.000000 -0.719203
v -1.970641 0.206439 -0.906109
v -1.584811 0.206439 -0.974369
v -0.695047 0.000000 -1.211035
v -1.144271 0.000000 -1.234666
v -1.146916 -0.206439 -1.000924
v -0.694777 -0.206439 -0.986954
v -1.144773 0.000000 -0.767329
v -0.693376 0.000000 -0.762921
v -1.146916 0.206439 -1.000924
v -0.694777 0.206439 -0.986954
v 0.099787 0.000000 -1.090025
v -0.275264 0.000000 -1.161662
v -0.272146 -0.206439 -0.936004
v 0.105378 -0.206439 -0.851702
v -0.271451 0.000000 -0.710868
v 0.105539 0.000000 -0.614886
v -0.272146 0.206439 -0.936004
v 0.105378 0.206439 -0.851702
v 0.689730 0.000000 -0.909145
v 0.419373 0.000000 -1.001916
v 0.426710 -0.206439 -0.741087
v 0.696393 -0.206439 -0.623343
v 0.426549 0.000000 -0.482919
v 0.696147 0.000000 -0.339156
v 0.426710 0.206439 -0.741087
v 0.696393 0.206439 -0.623343
v 0.997182 0.000000 -0.793065
v 0.997182 -0.206439 -0.480413
v 0.997182 0.000000 -0.161538
v 0.997182 0.206439 -0.480413
v -3.512726 -0.154959 -0.411159
v -3.571843 -0.093896 -0.468857
v -3.509815 -0.154959 -0.550598
v -3.477906 -0.188380 -0.487065
v -3.418805 -0.190911 -0.426938
v -3.337703 -0.157996 -0.365867
v -3.468191 -0.094402 -0.351472
v -3.193290 -0.194455 -0.437806
v -3.047193 -0.158502 -0.374642
v -3.209950 -0.094909 -0.324343
v -2.875993 -0.194455 -0.493785
v -2.702411 -0.158502 -0.445399
v -2.879218 -0.094909 -0.358375
v -2.520745 -0.194455 -0.592455
v -2.337836 -0.158502 -0.555881
v -2.517312 -0.094909 -0.451503
v -3.512726 0.154959 -0.411159
v -3.477906 0.188380 -0.487065
v -3.509815 0.154959 -0.550598
v -3.571843 0.093896 -0.468857
v -3.468191 0.094402 -0.351472
v -3.337703 0.157996 -0.365867
v -3.418805 0.190911 -0.426938
v -3.209950 0.094909 -0.324343
v -3.047192 0.158502 -0.374642
v -3.193290 0.194455 -0.437806
v -2.879218 0.094909 -0.358375
v -2.702411 0.158502 -0.445399
v -2.875993 0.194455 -0.493785
v -2.517312 0.094909 -0.451503
v -2.337837 0.158502 -0.555881
v -2.520745 0.194455 -0.592455
v -3.412883 0.190911 -0.574423
v -3.329905 0.157996 -0.675518
v -3.465659 0.094402 -0.631366
v -3.181808 0.194455 -0.674162
v -3.034009 0.158502 -0.816890
v -3.204650 0.094909 -0.780343
v -2.859795 0.194455 -0.797656
v -2.686478 0.158502 -0.951660
v -2.871742 0.094909 -0.929394
v -2.503249 0.194455 -0.916360
v -2.322208 0.158502 -1.062282
v -2.509236 0.094909 -1.056497
v -3.465659 -0.094402 -0.631366
v -3.329905 -0.157996 -0.675518
v -3.412883 -0.190911 -0.574423
v -3.204650 -0.094909 -0.780343
v -3.034009 -0.158502 -0.816890
v -3.181808 -0.194455 -0.674162
v -2.871742 -0.094909 -0.929394
v -2.686478 -0.158502 -0.951660
v -2.859795 -0.194455 -0.797656
v -2.509236 -0.094909 -1.056497
v -2.322208 -0.158502 -1.062282
v -2.503249 -0.194455 -0.916360
v -2.143396 0.194455 -1.013321
v -1.962778 0.158502 -1.136753
v -2.145942 0.094909 -1.148834
v -1.777282 0.194455 -1.078673
v -1.579265 0.158502 -1.176079
v -1.777584 0.094909 -1.202586
v -2.145942 -0.094909 -1.148834
v -1.962778 -0.158502 -1.136753
v -2.143396 -0.194455 -1.013321
v -1.777584 -0.094909 -1.202586
v -1.579265 -0.158502 -1.176079
v -1.777282 -0.194455 -1.078673
v -2.158988 -0.194455 -0.707226
v -1.975339 -0.158502 -0.675944
v -2.153139 -0.094909 -0.572294
v -1.788380 -0.194455 -0.811018
v -1.586827 -0.158502 -0.772952
v -1.782707 -0.094909 -0.687736
v -2.153140 0.094909 -0.572294
v -1.975339 0.158502 -0.675944
v -2.158988 0.194455 -0.707226
v -1.782707 0.094909 -0.687736
v -1.586827 0.158502 -0.772952
v -1.788380 0.194455 -0.811018
v -1.367779 0.194455 -1.109647
v -1.144966 0.158502 -1.183334
v -1.366802 0.094909 -1.222931
v -0.920347 0.194455 -1.106226
v -0.697000 0.158502 -1.161002
v -0.918706 0.094909 -1.213603
v -1.366802 -0.094909 -1.222931
v -1.144966 -0.158502 -1.183334
v -1.367779 -0.194455 -1.109647
v -0.918706 -0.094909 -1.213603
v -0.697000 -0.158502 -1.161002
v -0.920347 -0.194455 -1.106226
v -1.372790 -0.194455 -0.876260
v -1.146472 -0.158502 -0.818587
v -1.369115 -0.094909 -0.763233
v -0.918473 -0.194455 -0.891345
v -0.691989 -0.158502 -0.812930
v -0.917842 -0.094909 -0.783998
v -1.369115 0.094909 -0.763233
v -1.146472 0.158502 -0.818587
v -1.372790 0.194455 -0.876260
v -0.917842 0.094909 -0.783998
v -0.691989 0.158502 -0.812930
v -0.918473 0.194455 -0.891346
v -0.483028 0.194455 -1.071149
v -0.278472 0.158502 -1.111628
v -0.480877 0.094909 -1.176892
v -0.085146 0.194455 -1.007596
v 0.095393 0.158502 -1.038689
v -0.082433 0.094909 -1.115768
v -0.480877 -0.094909 -1.176892
v -3.534566 -0.154453 -0.475821
v -3.444070 -0.156478 -0.378139
v -3.202724 -0.158503 -0.363450
v -2.879163 -0.158503 -0.403197
v -2.520710 -0.158503 -0.497532
v -3.534566 0.154453 -0.475821
v -3.444071 0.156477 -0.378139
v -3.202724 0.158503 -0.363450
v -2.879163 0.158503 -0.403197
v -2.520711 0.158503 -0.497532
v -3.438699 0.156478 -0.613961
v -3.192125 0.158503 -0.744877
v -2.864211 0.158503 -0.886408
v -2.504561 0.158503 -1.010875
v -3.438699 -0.156477 -0.613961
v -3.192125 -0.158503 -0.744877
v -2.864211 -0.158503 -0.886408
v -2.504561 -0.158503 -1.010875
v -2.143170 0.158503 -1.104109
v -1.776366 0.158503 -1.160611
v -2.143170 -0.158503 -1.104109
v -1.776366 -0.158503 -1.160611
v -2.157563 -0.158503 -0.616728
v -1.786610 -0.158503 -0.729395
v -2.157563 0.158503 -0.616728
v -1.786610 0.158503 -0.729395
v -1.366808 0.158503 -1.183554
v -0.919707 0.158503 -1.175717
v -1.366808 -0.158503 -1.183554
v -0.919707 -0.158503 -1.175717
v -1.371434 -0.158503 -0.802482
v -0.917977 -0.158503 -0.821869
v -1.371434 0.158503 -0.802482
v -0.917977 0.158503 -0.821869
v -0.482814 0.158503 -1.139488
v -0.085295 0.158503 -1.077877
v -0.482814 -0.158503 -1.139488
v -0.085295 -0.158503 -1.077877
v -0.474544 -0.158503 -0.792370
v -0.070838 -0.158503 -0.718190
v -0.474544 0.158503 -0.792370
v -0.070838 0.158503 -0.718190
v 0.262271 0.158503 -0.994518
v 0.549530 0.158503 -0.901978
v 0.262271 -0.158503 -0.994518
v 0.549530 -0.158503 -0.901978
v 0.282039 -0.158503 -0.602928
v 0.571589 -0.158503 -0.467930
v 0.282039 0.158503 -0.602928
v 0.571589 0.158503 -0.467930
v 0.836999 0.158503 -0.793185
v 0.836999 -0.158503 -0.793185
v 0.847988 -0.158503 -0.313915
v 0.847988 0.158503 -0.313915
v -3.476231 0.000000 -0.342583
v -3.212358 0.000000 -0.311307
v -3.407331 0.202389 -0.502224
v -3.184257 0.206439 -0.556591
v -3.208826 0.000000 -0.792165
v -3.474646 0.000000 -0.637168
v -3.184257 -0.206439 -0.556591
v -3.407331 -0.202389 -0.502224
v -3.584269 0.000000 -0.466535
v -2.510795 0.000000 -1.071705
v -2.874252 0.000000 -0.943722
v -2.866630 -0.206439 -0.646026
v -2.511785 -0.206439 -0.754476
v -2.879236 0.000000 -0.343435
v -2.516179 0.000000 -0.436159
v -2.866630 0.206439 -0.646026
v -2.511785 0.206439 -0.754476
v -1.777990 0.000000 -1.216578
v -2.146867 0.000000 -1.163743
v -2.151467 -0.206439 -0.860225
v -1.783278 -0.206439 -0.944793
v -2.151665 0.000000 -0.557482
v -1.781406 0.000000 -0.673850
v -2.151467 0.206439 -0.860224
v -1.783278 0.206439 -0.944793
v -0.918373 0.000000 -1.226232
v -1.366799 0.000000 -1.236057
v -1.370672 -0.206439 -0.992933
v -0.919599 -0.206439 -0.998784
v -1.368341 0.000000 -0.750151
v -0.917796 0.000000 -0.771374
v -1.370672 0.206439 -0.992933
v -0.919599 0.206439 -0.998784
v -0.081479 0.000000 -1.128398
v -0.480232 0.000000 -1.189360
v -0.478505 -0.206439 -0.965875
v -0.077064 -0.206439 -0.897794
v -0.477475 0.000000 -0.742606
v -0.076660 0.000000 -0.668148
v -0.478504 0.206439 -0.965876
v -0.077064 0.206439 -0.897794
v 0.554923 0.000000 -0.957362
v 0.267199 0.000000 -1.047000
v 0.273816 -0.206439 -0.798185
v 0.562519 -0.206439 -0.684259
v 0.273789 0.000000 -0.551522
v 0.562276 0.000000 -0.413938
v 0.273816 0.206439 -0.798185
v 0.562519 0.206439 -0.684258
v 0.839672 0.000000 -0.853070
v 0.843483 -0.206439 -0.553988
v 0.843335 0.000000 -0.253152
v 0.843483 0.206439 -0.553988
v 1.255148 -0.274533 -0.079437
v 1.255148 0.274533 -0.079437
v 1.255148 0.274533 -0.796298
v 1.255148 -0.274533 -0.796298
v 1.021075 0.274533 -0.849113
v 1.021075 -0.274533 -0.849113
v 1.021075 -0.274533 -0.079726
v 1.021075 0.274533 -0.079726
v 0.990600 0.274533 -0.817639
v 0.990600 -0.274533 -0.817639
v 0.990600 -0.274533 -0.162694
v 0.990600 0.274533 -0.162694
v 1.005471 0.274533 -0.847883
v 1.005471 -0.274533 -0.847883
v 1.005471 -0.274533 -0.083957
v 1.005471 0.274533 -0.083957
v 1.538478 -0.036860 1.047797
v 4.787638 0.136788 -1.034305
v 1.538478 0.283396 1.047797
v 4.787638 0.298829 -1.034305
v 1.321948 0.283396 0.458500
v 4.760853 0.298829 -1.107203
v 1.321948 -0.036860 0.458500
v 4.760853 0.136788 -1.107203
v 1.590164 0.318171 0.069301
v 1.590164 0.008774 0.069301
v 1.861698 0.008774 0.808294
v 1.861698 0.318171 0.808294
v 1.885579 0.336532 -0.314596
v 1.885579 0.060049 -0.314596
v 2.224265 0.060049 0.607157
v 2.224265 0.336532 0.607157
v 2.173259 0.349890 -0.615340
v 2.173259 0.092263 -0.615340
v 2.567758 0.092263 0.458306
v 2.567758 0.349890 0.458306
v 2.438349 0.368035 -0.873366
v 2.438349 0.138822 -0.873366
v 2.873852 0.138822 0.311877
v 2.873852 0.368035 0.311877
v 2.901010 0.368035 -1.177215
v 2.901010 0.145906 -1.177215
v 3.218748 0.145906 -0.312476
v 3.218748 0.368035 -0.312476
v 3.526644 0.387879 -1.391800
v 3.526644 0.220102 -1.391800
v 3.752315 0.220102 -0.777628
v 3.752315 0.387879 -0.777628
v 4.027627 0.374521 -1.403787
v 4.027627 0.136788 -1.403787
v 4.237448 0.136788 -0.832750
v 4.237448 0.374521 -0.832750
v 4.439923 0.298829 -1.302875
v 4.439923 0.136788 -1.302875
v 4.566467 0.136788 -0.958478
v 4.566467 0.298829 -0.958478
v 2.681500 0.368035 -1.033054
v 2.681500 0.138822 -1.033054
v 3.106360 0.138822 0.123222
v 3.106360 0.368035 0.123222
v 3.125650 0.368035 -1.254264
v 3.125650 0.145906 -1.254264
v 3.439508 0.145906 -0.400082
v 3.439508 0.368035 -0.400082
v 3.322843 0.373833 -1.321899
v 3.322843 0.208257 -1.321899
v 3.566086 0.208257 -0.659901
v 3.566086 0.373833 -0.659901
v 3.767052 0.392331 -1.397553
v 3.767052 0.163503 -1.397553
v 3.978209 0.163503 -0.822878
v 3.978209 0.392331 -0.822878
v -3.029483 0.335902 2.342079
v -2.617785 0.350489 2.212672
v -3.114207 0.027231 2.325551
v -3.029483 -0.066962 2.342080
v -2.617785 -0.081549 2.212671
v -2.991414 0.335902 2.436033
v -2.482714 0.242596 2.587072
v -2.508964 0.350489 2.467421
v -1.722380 0.242596 2.575106
v -1.766536 0.350489 2.443037
v -1.892493 0.350489 2.149328
v -1.892493 -0.081549 2.149328
v -0.984576 0.242596 2.419919
v -1.025683 0.350489 2.309331
v -1.119061 0.350489 2.078950
v -1.119061 -0.081549 2.078950
v -0.160775 0.242596 2.097957
v -0.199122 0.350489 1.999062
v -0.266810 0.350489 1.799104
v -0.266810 -0.081549 1.799104
v 0.542868 0.242596 1.710145
v 0.501802 0.350489 1.607067
v 0.440382 0.350489 1.385713
v 0.440382 -0.081549 1.385713
v 1.033645 0.242596 1.335521
v 0.986400 0.350489 1.215709
v 0.907599 0.350489 0.940778
v 0.907599 -0.081549 0.940778
v 1.234209 0.350489 0.986522
v 1.126338 -0.081549 0.692948
v 0.395882 0.242596 1.285100
v 0.114989 -0.081549 1.603340
v 1.033645 0.026345 1.335521
v 0.812027 0.242596 1.516703
v 0.767706 0.350489 1.406134
v 0.701216 0.350489 1.157564
v 0.855907 0.242596 0.823890
v 0.701216 -0.081549 1.157564
v 1.282825 0.026345 1.118832
v 1.282825 0.242596 1.118832
v 1.126338 0.350489 0.692948
v 1.076113 0.242596 0.556257
v -2.669902 0.026345 2.096744
v -2.508965 -0.081549 2.467421
v -1.935756 0.026345 2.017049
v -1.766536 -0.081549 2.443037
v -1.155043 0.026345 1.966948
v -1.025683 -0.081549 2.309331
v -0.304349 0.026345 1.699950
v -0.199122 -0.081549 1.999062
v 0.395882 0.026345 1.285100
v 0.501802 -0.081549 1.607067
v 0.855907 0.026345 0.823890
v 0.986400 -0.081549 1.215709
v 1.076113 0.026345 0.556257
v 1.234209 -0.081549 0.986522
v -3.114207 0.241710 2.325551
v -3.057178 0.241710 2.477097
v -2.892070 0.349603 2.280742
v -2.669902 0.242596 2.096744
v -2.270641 0.350489 2.171037
v -1.935756 0.242596 2.017049
v -2.991414 -0.066962 2.436034
v -3.057178 0.027231 2.477097
v -2.952636 0.026471 2.200589
v -2.892070 -0.080663 2.280742
v -2.270641 -0.081549 2.171037
v -2.818339 -0.080663 2.456839
v -2.482714 0.026345 2.587072
v -1.722380 0.026345 2.575106
v -2.820739 0.242470 2.548362
v -2.818339 0.349603 2.456839
v -2.104787 0.242596 2.597018
v -2.144343 0.350489 2.464718
v -0.984576 0.026345 2.419919
v -1.358414 0.242596 2.518501
v -1.402071 0.350489 2.395949
v -1.514139 0.350489 2.130403
v -1.155043 0.242596 1.966948
v -1.514139 -0.081549 2.130404
v -0.160775 0.026345 2.097958
v -0.574103 0.242596 2.274658
v -0.613235 0.350489 2.172095
v -0.691423 0.350489 1.964030
v -0.304349 0.242596 1.699950
v -0.691423 -0.081549 1.964030
v 0.542869 0.026345 1.710145
v 0.215927 0.242596 1.906942
v 0.176935 0.350489 1.807863
v 0.114989 0.350489 1.603340
v -2.952636 0.242470 2.200588
v -2.318157 0.242596 2.039420
v -2.820739 0.026471 2.548362
v -2.104787 0.026345 2.597018
v -1.358414 0.026345 2.518501
v -1.553091 0.242596 2.006888
v -0.574103 0.026345 2.274659
v -0.727145 0.242596 1.860331
v 0.215927 0.026345 1.906942
v 0.074426 0.242596 1.505255
v 0.812027 0.026345 1.516703
v 0.652305 0.242596 1.050807
v -2.318157 0.026345 2.039420
v -2.144343 -0.081549 2.464718
v -1.553091 0.026345 2.006888
v -1.402071 -0.081549 2.395949
v -0.727145 0.026345 1.860331
v -0.613235 -0.081549 2.172094
v 0.074426 0.026345 1.505255
v 0.176935 -0.081549 1.807863
v 0.652305 0.026345 1.050807
v 0.767706 -0.081549 1.406134
v 0.200727 0.312451 1.872549
v -0.005239 0.350489 1.905103
v 0.386165 0.242596 1.808822
v 0.526496 0.312451 1.675142
v 0.346312 0.350489 1.708223
v -0.069437 0.350489 1.704410
v 0.090412 0.312451 1.539151
v -0.108361 0.242596 1.606228
v 0.285313 0.350489 1.496804
v 0.413971 0.312451 1.318871
v 0.242883 0.242596 1.397917
v -0.108361 0.026345 1.606228
v 0.090411 -0.043510 1.539151
v -0.069437 -0.081549 1.704410
v 0.242883 0.026345 1.397917
v 0.413971 -0.043510 1.318871
v 0.285313 -0.081549 1.496804
v 0.642318 -0.081549 1.505278
v 0.794362 -0.043510 1.480156
v 0.684946 0.026345 1.611798
v 0.877811 -0.081549 1.312918
v 1.015521 -0.043510 1.296393
v 0.923741 0.026345 1.427784
v 0.684946 0.242596 1.611798
v 0.794362 0.312451 1.480156
v 0.642318 0.350489 1.505278
v 0.923741 0.242596 1.427784
v 1.015521 0.312451 1.296393
v 0.877811 0.350489 1.312918
v 0.579041 0.350489 1.270976
v 0.672264 0.312451 1.085449
v 0.532294 0.242596 1.167691
v 0.806828 0.350489 1.050447
v 0.876255 0.312451 0.861556
v 0.756101 0.242596 0.939566
v 0.532294 0.026345 1.167691
v 0.672264 -0.043510 1.085449
v 0.579041 -0.081549 1.270976
v 0.756101 0.026345 0.939566
v 0.876255 -0.043510 0.861556
v 0.806828 -0.081549 1.050447
v 1.107242 -0.081549 1.104593
v 1.266581 -0.043510 1.074625
v 1.155298 0.026345 1.230392
v 1.155298 0.242596 1.230392
v 1.266581 0.312451 1.074625
v 1.107242 0.350489 1.104593
v 1.015249 0.350489 0.819712
v 1.093161 0.312451 0.602655
v 0.963951 0.242596 0.693702
v 0.963951 0.026345 0.693702
v 1.093161 -0.043510 0.602655
v 1.015249 -0.081549 0.819712
v -2.960847 0.134471 2.191568
v -3.126720 0.134471 2.323892
v -2.675772 0.134471 2.083760
v -2.849958 -0.093216 2.367843
v -2.561219 -0.094229 2.339736
v -2.481155 0.134471 2.600676
v -2.823022 0.134471 2.559278
v -3.067623 0.134471 2.482660
v -2.561219 0.363169 2.339736
v -2.849958 0.362157 2.367843
v -1.718297 0.134471 2.589775
v -2.101483 0.134471 2.611723
v -2.206828 0.363169 2.317821
v -1.829589 0.363169 2.296200
v -2.322789 0.134471 2.024828
v -1.939691 0.134471 2.002344
v -2.206828 -0.094229 2.317821
v -1.829589 -0.094229 2.296201
v -0.980093 0.134471 2.432666
v -1.354029 0.134471 2.532322
v -1.458497 0.363169 2.263257
v -1.072799 0.363169 2.194258
v -1.556692 0.134471 1.992906
v -1.158671 0.134471 1.953965
v -1.458497 -0.094229 2.263257
v -1.072799 -0.094229 2.194259
v -0.156003 0.134471 2.109530
v -0.569514 0.134471 2.286644
v -0.652613 0.363169 2.068157
v -0.233034 0.363169 1.899104
v -0.731166 0.134471 1.848156
v -0.308987 0.134471 1.688335
v -0.652613 -0.094229 2.068156
v -0.233034 -0.094229 1.899104
v 0.548326 0.134471 1.721813
v 0.220994 0.134471 1.918406
v 0.146093 0.363169 1.705518
v 0.471378 0.363169 1.496185
v 0.069097 0.134471 1.493956
v 0.389852 0.134471 1.273843
v 0.146093 -0.094229 1.705518
v 0.471378 -0.094229 1.496185
v 1.039687 0.134471 1.348563
v 0.817915 0.134471 1.528886
v 0.734843 0.363169 1.281532
v 0.947370 0.363169 1.078000
v 0.645651 0.134471 1.039260
v 0.849125 0.134471 0.811335
v 0.734843 -0.094229 1.281532
v 0.947370 -0.094229 1.078000
v 1.288239 0.134471 1.133568
v 1.180408 0.363169 0.840100
v 1.070430 0.134471 0.540791
v 1.180408 -0.094229 0.840100
v -3.076667 0.308907 2.330529
v -3.112258 0.241584 2.405076
v -3.025844 0.308907 2.460408
v -3.017804 0.344414 2.389769
v -2.983067 0.346946 2.312947
v -2.928004 0.311944 2.227652
v -3.055450 0.242090 2.259145
v -2.767641 0.350489 2.245371
v -2.652292 0.312451 2.135694
v -2.822411 0.242596 2.144616
v -2.450506 0.350489 2.188481
v -2.304263 0.312451 2.083197
v -2.500235 0.242596 2.062492
v -2.083025 0.350489 2.158574
v -1.923953 0.312451 2.061160
v -2.128415 0.242596 2.025086
v -3.076668 -0.039966 2.330530
v -3.017804 -0.075474 2.389769
v -3.025844 -0.039966 2.460409
v -3.112258 0.027357 2.405076
v -3.055450 0.026851 2.259145
v -2.928004 -0.043004 2.227652
v -2.983068 -0.078006 2.312948
v -2.822411 0.026345 2.144615
v -2.652292 -0.043510 2.135694
v -2.767641 -0.081549 2.245370
v -2.500235 0.026345 2.062492
v -2.304263 -0.043510 2.083197
v -2.450506 -0.081549 2.188481
v -2.128415 0.026345 2.025086
v -1.923953 -0.043510 2.061160
v -2.083025 -0.081549 2.158574
v -2.926642 -0.078006 2.449341
v -2.813889 -0.043004 2.515614
v -2.956541 0.026851 2.520992
v -2.675345 -0.081549 2.463263
v -2.487390 -0.043510 2.546260
v -2.660165 0.026345 2.570808
v -2.330499 -0.081549 2.468120
v -2.114702 -0.043510 2.552900
v -2.296277 0.026345 2.595896
v -1.954890 -0.081549 2.456572
v -1.734630 -0.043510 2.531100
v -1.912178 0.026345 2.590175
v -2.956541 0.242090 2.520992
v -2.813888 0.311944 2.515614
v -2.926642 0.346946 2.449340
v -2.660165 0.242596 2.570808
v -2.487390 0.312451 2.546260
v -2.675345 0.350489 2.463263
v -2.296277 0.242596 2.595896
v -2.114702 0.312451 2.552900
v -2.330499 0.350489 2.468121
v -1.912177 0.242596 2.590175
v -1.734630 0.312451 2.531100
v -1.954890 0.350489 2.456572
v -1.583675 -0.081549 2.423471
v -1.371569 -0.043510 2.477037
v -1.539328 0.026345 2.551549
v -1.217485 -0.081549 2.358544
v -0.998024 -0.043510 2.381679
v -1.175032 0.026345 2.474959
v -1.539328 0.242596 2.551549
v -1.371569 0.312451 2.477037
v -1.583675 0.350489 2.423472
v -1.175032 0.242596 2.474959
v -0.998024 0.312451 2.381679
v -1.217485 0.350489 2.358544
v -1.703881 0.350489 2.141536
v -1.542289 0.312451 2.048834
v -1.744928 0.242596 2.012866
v -1.320216 0.350489 2.111139
v -1.144157 0.312451 2.005895
v -1.357409 0.242596 1.993465
v -1.744928 0.026345 2.012866
v -1.542289 -0.043510 2.048834
v -1.703881 -0.081549 2.141536
v -1.357409 0.026345 1.993465
v -1.144157 -0.043510 2.005895
v -1.320216 -0.081549 2.111139
v -0.822426 -0.081549 2.246384
v -0.587871 -0.043510 2.238702
v -0.782438 0.026345 2.352379
v -0.403627 -0.081549 2.088856
v -0.175092 -0.043510 2.063240
v -0.365054 0.026345 2.189078
v -0.782438 0.242596 2.352379
v -0.587871 0.312451 2.238702
v -0.822426 0.350489 2.246383
v -0.365054 0.242596 2.189078
v -0.175092 0.312451 2.063241
v -0.403627 0.350489 2.088856
v -0.907623 0.350489 2.029045
v -0.715082 0.312451 1.896855
v -0.943155 0.242596 1.921686
v -0.475979 0.350489 1.886514
v -0.290436 0.312451 1.734797
v -0.512410 0.242596 1.785535
v -0.943155 0.026345 1.921686
v -0.715082 -0.043510 1.896855
v -0.907623 -0.081549 2.029045
v -0.512410 0.026345 1.785535
v -0.290436 -0.043510 1.734797
v -0.475979 -0.081549 1.886514
v -0.005239 -0.081549 1.905103
v 0.200727 -0.043510 1.872549
v 0.033249 0.026345 2.003616
v 0.346312 -0.081549 1.708223
v 0.526496 -0.043510 1.675142
v 0.386165 0.026345 1.808822
v 0.033249 0.242596 2.003616
v -3.074866 0.308401 2.398757
v -3.023613 0.310426 2.275856
v -2.802141 0.312451 2.178831
v -2.484725 0.312451 2.104545
v -2.115730 0.312451 2.069464
v -3.074866 -0.039460 2.398757
v -3.023613 -0.041485 2.275856
v -2.802141 -0.043510 2.178830
v -2.484725 -0.043510 2.104545
v -2.115730 -0.043510 2.069464
v -2.937237 -0.041485 2.495356
v -2.660640 -0.043510 2.533198
v -2.304034 -0.043510 2.552950
v -1.923523 -0.043510 2.545739
v -2.937237 0.310426 2.495356
v -2.660640 0.312451 2.533198
v -2.304034 0.312451 2.552950
v -1.923523 0.312451 2.545740
v -1.552151 -0.043510 2.508611
v -1.188366 -0.043510 2.435139
v -1.552151 0.312451 2.508611
v -1.188366 0.312451 2.435139
v -1.733755 0.312451 2.056100
v -1.346705 0.312451 2.033915
v -1.733755 -0.043510 2.056100
v -1.346705 -0.043510 2.033915
v -0.796026 -0.043510 2.315421
v -0.379060 -0.043510 2.153862
v -0.796026 0.312451 2.315420
v -0.379060 0.312451 2.153862
v -0.931796 0.312451 1.959326
v -0.499476 0.312451 1.821129
v -0.931796 -0.043510 1.959326
v -0.499476 -0.043510 1.821129
v 0.018531 -0.043510 1.969175
v 0.370410 -0.043510 1.774244
v 0.018531 0.312451 1.969175
v 0.370410 0.312451 1.774244
v -0.093425 0.312451 1.640503
v 0.259926 0.312451 1.431639
v -0.093425 -0.043510 1.640503
v 0.259926 -0.043510 1.431639
v 0.667901 -0.043510 1.576126
v 0.905617 -0.043510 1.390190
v 0.667901 0.312451 1.576126
v 0.905617 0.312451 1.390190
v 0.551399 0.312451 1.201745
v 0.776623 0.312451 0.975167
v 0.551399 -0.043510 1.201745
v 0.776623 -0.043510 0.975167
v 1.137926 -0.043510 1.188926
v 1.137926 0.312451 1.188926
v 0.982944 0.312451 0.735274
v 0.982944 -0.043510 0.735274
v -3.066063 0.134471 2.253574
v -2.829168 0.134471 2.133211
v -2.946331 -0.090179 2.379657
v -2.718194 -0.094229 2.353751
v -2.660007 0.134471 2.583344
v -2.962975 0.134471 2.529537
v -2.718194 0.363169 2.353751
v -2.946331 0.359119 2.379657
v -3.124722 0.134471 2.407182
v -1.908396 0.134471 2.604987
v -2.293692 0.134471 2.610211
v -2.389210 0.363169 2.328152
v -2.018734 0.363169 2.307563
v -2.505405 0.134471 2.048475
v -2.132644 0.134471 2.010293
v -2.389210 -0.094229 2.328152
v -2.018734 -0.094229 2.307563
v -1.170588 0.134471 2.488232
v -1.535053 0.134471 2.565862
v -1.644053 0.363169 2.282553
v -1.269289 0.363169 2.234946
v -1.748652 0.134471 1.998454
v -1.360977 0.134471 1.979982
v -1.644053 -0.094229 2.282553
v -1.269289 -0.094229 2.234947
v -0.360386 0.134471 2.200817
v -0.777909 0.134471 2.364698
v -0.865396 0.363169 2.137827
v -0.439982 0.363169 1.987748
v -0.946941 0.134471 1.909139
v -0.516721 0.134471 1.773670
v -0.865396 -0.094229 2.137828
v -0.439982 -0.094229 1.987748
v 0.391416 0.134471 1.820349
v 0.038155 0.134471 2.015097
v -0.037301 0.363169 1.804729
v 0.316027 0.363169 1.602371
v -0.113340 0.134471 1.594803
v 0.237202 0.134471 1.386676
v -0.037301 -0.094229 1.804729
v 0.316027 -0.094229 1.602371
v 0.929782 0.134471 1.440315
v 0.690628 0.134471 1.623688
v 0.611023 0.363169 1.387857
v 0.842719 0.363169 1.181350
v 0.525926 0.134471 1.156339
v 0.749260 0.134471 0.927699
v 0.611023 -0.094229 1.387857
v 0.842719 -0.094229 1.181350
v 1.161088 0.134471 1.244215
v 1.061515 0.363169 0.962170
v 0.957620 0.134471 0.679844
v 1.061515 -0.094229 0.962170
v 1.254270 0.171330 -0.772302
v 5.022170 -0.002318 0.061435
v 1.254270 -0.148926 -0.772302
v 5.022170 -0.164359 0.061435
v 1.254270 -0.148926 -0.144484
v 5.022170 -0.164359 0.139097
v 1.254270 0.171330 -0.144484
v 5.022170 -0.002318 0.139097
v 1.640260 -0.183700 0.128329
v 1.640260 0.125696 0.128329
v 1.640260 0.125696 -0.658971
v 1.640260 -0.183700 -0.658971
v 2.049952 -0.202062 0.386784
v 2.049952 0.074421 0.386784
v 2.049952 0.074421 -0.595222
v 2.049952 -0.202062 -0.595222
v 2.423706 -0.215420 0.569857
v 2.423706 0.042207 0.569857
v 2.423706 0.042207 -0.573972
v 2.423706 -0.215420 -0.573972
v 2.761522 -0.233565 0.720623
v 2.761522 -0.004352 0.720623
v 2.761522 -0.004352 -0.542097
v 2.761522 -0.233565 -0.542097
v 3.300590 -0.233565 0.846261
v 3.300590 -0.011436 0.846261
v 3.300590 -0.011436 -0.075006
v 3.300590 -0.233565 -0.075006
v 3.961846 -0.253409 0.831902
v 3.961846 -0.085632 0.831902
v 3.961846 -0.085632 0.177582
v 3.961846 -0.253409 0.177582
v 4.436223 -0.240051 0.670368
v 4.436223 -0.002318 0.670368
v 4.436223 -0.002318 0.062003
v 4.436223 -0.240051 0.062003
v 4.788417 -0.164359 0.433450
v 4.788417 -0.002318 0.433450
v 4.788417 -0.002318 0.066541
v 4.788417 -0.164359 0.066541
v 3.044828 -0.233565 0.786652
v 3.044828 -0.004352 0.786652
v 3.044828 -0.004352 -0.445208
v 3.044828 -0.233565 -0.445208
v 3.538020 -0.233565 0.841105
v 3.538020 -0.011436 0.841105
v 3.538020 -0.011436 -0.068913
v 3.538020 -0.233565 -0.068913
v 3.746440 -0.239363 0.836580
v 3.746440 -0.073787 0.836580
v 3.746440 -0.073787 0.131308
v 3.746440 -0.239363 0.131308
v 4.189487 -0.257861 0.754387
v 4.189487 -0.029033 0.754387
v 4.189487 -0.029033 0.142147
v 4.189487 -0.257861 0.142147
vt 0.127420 0.107018
vt 0.129993 0.111041
vt 0.115737 0.116221
vt 0.112235 0.112646
vt 0.147623 0.107047
vt 0.146601 0.111368
vt 0.103286 0.127546
vt 0.099535 0.124843
vt 0.096551 0.142321
vt 0.092050 0.141261
vt 0.095985 0.158549
vt 0.091419 0.159293
vt 0.102074 0.174241
vt 0.097343 0.175877
vt 0.112521 0.185235
vt 0.108423 0.187686
vt 0.127528 0.192355
vt 0.126512 0.196678
vt 0.144136 0.192680
vt 0.146711 0.196701
vt 0.158388 0.187502
vt 0.161891 0.191075
vt 0.170840 0.176177
vt 0.174594 0.178880
vt 0.177575 0.161402
vt 0.182077 0.162462
vt 0.178141 0.145174
vt 0.182707 0.144430
vt 0.172051 0.129483
vt 0.176781 0.127850
vt 0.161607 0.118487
vt 0.165710 0.116042
vt 0.142364 0.215129
vt 0.138269 0.217584
vt 0.123261 0.210472
vt 0.124276 0.206150
vt 0.153445 0.226942
vt 0.148716 0.228580
vt 0.159370 0.243528
vt 0.154804 0.244271
vt 0.158740 0.261560
vt 0.154238 0.260500
vt 0.151257 0.277978
vt 0.147503 0.275275
vt 0.138555 0.290175
vt 0.135051 0.286601
vt 0.123369 0.295804
vt 0.120797 0.291780
vt 0.103172 0.295769
vt 0.104192 0.291449
vt 0.085087 0.286784
vt 0.089183 0.284332
vt 0.074007 0.274975
vt 0.078737 0.273338
vt 0.068082 0.258391
vt 0.072648 0.257647
vt 0.068713 0.240359
vt 0.073214 0.241419
vt 0.076195 0.223940
vt 0.079949 0.226643
vt 0.088898 0.211743
vt 0.092400 0.215318
vt 0.104082 0.206118
vt 0.106656 0.210140
vt 0.329684 0.326802
vt 0.336077 0.329819
vt 0.291550 0.424180
vt 0.285158 0.421163
vt 0.340348 0.331834
vt 0.295822 0.426196
vt 0.347889 0.335392
vt 0.303362 0.429754
vt 0.355430 0.338950
vt 0.310902 0.433312
vt 0.252450 0.290357
vt 0.256721 0.292372
vt 0.212194 0.386733
vt 0.207923 0.384718
vt 0.263114 0.295389
vt 0.218587 0.389750
vt 0.270654 0.298947
vt 0.226127 0.393308
vt 0.278195 0.302505
vt 0.233668 0.396866
vt 0.284588 0.305522
vt 0.240060 0.399883
vt 0.288859 0.307537
vt 0.244332 0.401899
vt 0.296399 0.311095
vt 0.251872 0.405457
vt 0.303940 0.314653
vt 0.259413 0.409015
vt 0.308211 0.316669
vt 0.263684 0.411030
vt 0.314603 0.319686
vt 0.270077 0.414047
vt 0.322144 0.323244
vt 0.277617 0.417605
vt 0.137065 0.151862
vt 0.113727 0.250960
vt 0.395962 0.406100
vt 0.398868 0.390703
vt 0.439239 0.403687
vt 0.436608 0.417286
vt 0.381862 0.659234
vt 0.377721 0.646818
vt 0.420511 0.642255
vt 0.424118 0.655650
vt 0.373194 0.636309
vt 0.416376 0.627709
vt 0.368256 0.624462
vt 0.411734 0.611611
vt 0.363325 0.610030
vt 0.406880 0.598029
vt 0.358918 0.595033
vt 0.402107 0.589030
vt 0.355411 0.582774
vt 0.398199 0.579545
vt 0.352922 0.570818
vt 0.395495 0.570207
vt 0.351912 0.556581
vt 0.394429 0.557283
vt 0.352490 0.541608
vt 0.395160 0.544408
vt 0.354527 0.528008
vt 0.397628 0.533315
vt 0.357726 0.515947
vt 0.401383 0.525908
vt 0.362118 0.502512
vt 0.406095 0.517116
vt 0.367099 0.487363
vt 0.410826 0.501341
vt 0.372228 0.471824
vt 0.415481 0.484788
vt 0.377396 0.457517
vt 0.420286 0.468839
vt 0.382690 0.445651
vt 0.425154 0.454129
vt 0.387942 0.433930
vt 0.429745 0.441844
vt 0.392639 0.420600
vt 0.433644 0.429775
vt 0.095951 0.550891
vt 0.102734 0.538886
vt 0.128579 0.551016
vt 0.123783 0.560818
vt 0.082999 0.785042
vt 0.083299 0.771497
vt 0.111105 0.771075
vt 0.111354 0.781712
vt 0.083578 0.758723
vt 0.111231 0.759217
vt 0.083779 0.745009
vt 0.111411 0.745782
vt 0.084066 0.730821
vt 0.111627 0.732085
vt 0.084176 0.719175
vt 0.111760 0.720179
vt 0.084222 0.708680
vt 0.111911 0.709001
vt 0.084216 0.697906
vt 0.111978 0.698175
vt 0.084118 0.685704
vt 0.111990 0.687648
vt 0.084095 0.674095
vt 0.111929 0.677053
vt 0.084190 0.664871
vt 0.111913 0.666556
vt 0.084416 0.655994
vt 0.112015 0.655708
vt 0.084539 0.644201
vt 0.112082 0.642632
vt 0.084468 0.628902
vt 0.112079 0.628416
vt 0.084274 0.613851
vt 0.112234 0.614697
vt 0.084510 0.599945
vt 0.112794 0.602162
vt 0.085559 0.587165
vt 0.114043 0.591698
vt 0.087666 0.575048
vt 0.116376 0.581480
vt 0.090965 0.562969
vt 0.119703 0.571045
vt 0.208407 0.600753
vt 0.209726 0.589666
vt 0.271432 0.591339
vt 0.270299 0.601323
vt 0.219779 0.822045
vt 0.220049 0.809452
vt 0.281757 0.808377
vt 0.281204 0.815929
vt 0.220559 0.797051
vt 0.282452 0.798657
vt 0.221058 0.783501
vt 0.282999 0.785774
vt 0.221568 0.770078
vt 0.283498 0.772222
vt 0.222153 0.759276
vt 0.283991 0.760015
vt 0.222438 0.747352
vt 0.284301 0.748856
vt 0.222647 0.738090
vt 0.284340 0.737307
vt 0.222427 0.728555
vt 0.284019 0.725737
vt 0.221706 0.718907
vt 0.283208 0.714472
vt 0.220630 0.711501
vt 0.281898 0.702695
vt 0.219037 0.700458
vt 0.280267 0.690391
vt 0.217119 0.687196
vt 0.278379 0.677649
vt 0.215054 0.673722
vt 0.276322 0.664269
vt 0.212917 0.660302
vt 0.274426 0.655896
vt 0.210851 0.647876
vt 0.272551 0.646469
vt 0.209218 0.635578
vt 0.270951 0.634356
vt 0.208165 0.623592
vt 0.270011 0.623228
vt 0.207865 0.612148
vt 0.269788 0.612225
vt 0.005343 0.787663
vt 0.006464 0.772559
vt 0.072526 0.771796
vt 0.072214 0.784289
vt 0.007499 0.758700
vt 0.072802 0.759713
vt 0.008068 0.745731
vt 0.073124 0.747488
vt 0.008558 0.731806
vt 0.073542 0.733845
vt 0.009212 0.717357
vt 0.074043 0.719912
vt 0.009787 0.704232
vt 0.074677 0.706527
vt 0.010322 0.691749
vt 0.075499 0.693154
vt 0.010851 0.679464
vt 0.076157 0.680625
vt 0.011030 0.666807
vt 0.076363 0.669022
vt 0.011189 0.653553
vt 0.076402 0.657174
vt 0.011397 0.641205
vt 0.076435 0.644705
vt 0.011694 0.629571
vt 0.076541 0.631337
vt 0.011858 0.616089
vt 0.076618 0.616723
vt 0.011932 0.600858
vt 0.076847 0.602286
vt 0.011898 0.585580
vt 0.077159 0.588287
vt 0.011939 0.571254
vt 0.077581 0.574914
vt 0.012199 0.558215
vt 0.078189 0.562393
vt 0.012705 0.546455
vt 0.079010 0.551439
vt 0.013946 0.532504
vt 0.080467 0.539290
vt 0.015588 0.519010
vt 0.081998 0.527548
vt 0.204369 0.672774
vt 0.206462 0.788827
vt 0.117150 0.790189
vt 0.115503 0.674285
vt 0.116832 0.828855
vt 0.207825 0.827803
vt 0.212177 0.954816
vt 0.210482 0.830107
vt 0.248466 0.838182
vt 0.250054 0.954313
vt 0.118345 0.958055
vt 0.209582 0.956787
vt 0.209539 0.994767
vt 0.119355 0.995816
vt 0.114228 0.831226
vt 0.115695 0.956149
vt 0.077813 0.956574
vt 0.076466 0.840303
vt 0.118837 0.836488
vt 0.116755 0.831387
vt 0.207961 0.830335
vt 0.206011 0.835431
vt 0.207275 0.941440
vt 0.209643 0.954169
vt 0.120257 0.942570
vt 0.118212 0.955442
vt 0.463191 0.912709
vt 0.458200 0.911326
vt 0.461160 0.906166
vt 0.466256 0.909501
vt 0.451618 0.908138
vt 0.455625 0.901856
vt 0.463027 0.897729
vt 0.467311 0.902752
vt 0.469835 0.906190
vt 0.459524 0.918301
vt 0.452109 0.917544
vt 0.465861 0.917016
vt 0.472308 0.922866
vt 0.465254 0.926691
vt 0.457479 0.928805
vt 0.475512 0.936091
vt 0.468107 0.940650
vt 0.482792 0.929753
vt 0.496888 0.936351
vt 0.489815 0.944900
vt 0.483250 0.951441
vt 0.507679 0.951513
vt 0.502164 0.959538
vt 0.514173 0.941332
vt 0.533833 0.944654
vt 0.528140 0.955940
vt 0.523750 0.964986
vt 0.550235 0.958193
vt 0.546904 0.967831
vt 0.555053 0.946274
vt 0.577082 0.946388
vt 0.573165 0.958549
vt 0.570785 0.968474
vt 0.431433 0.894269
vt 0.438300 0.879529
vt 0.444029 0.881081
vt 0.443718 0.888814
vt 0.442998 0.873052
vt 0.447654 0.873152
vt 0.453395 0.872869
vt 0.452674 0.877557
vt 0.453324 0.884111
vt 0.437102 0.869195
vt 0.444230 0.865622
vt 0.430605 0.874479
vt 0.429776 0.854689
vt 0.441214 0.853966
vt 0.449954 0.854401
vt 0.451411 0.837731
vt 0.460808 0.841539
vt 0.443495 0.835305
vt 0.457214 0.815921
vt 0.466972 0.822500
vt 0.476263 0.829057
vt 0.487180 0.810278
vt 0.495788 0.818978
vt 0.480854 0.803839
vt 0.504494 0.791757
vt 0.510596 0.801270
vt 0.518162 0.811514
vt 0.535783 0.795674
vt 0.542161 0.806882
vt 0.531628 0.787375
vt 0.558761 0.782994
vt 0.561665 0.793035
vt 0.566811 0.804713
vt 0.462617 0.872662
vt 0.464581 0.879046
vt 0.459626 0.868050
vt 0.469925 0.861958
vt 0.474870 0.867352
vt 0.477933 0.874240
vt 0.490442 0.862580
vt 0.493821 0.870313
vt 0.484410 0.855700
vt 0.501939 0.850065
vt 0.508374 0.858641
vt 0.511611 0.867270
vt 0.527704 0.855827
vt 0.530669 0.865116
vt 0.521373 0.845843
vt 0.542076 0.842897
vt 0.547943 0.853938
vt 0.550558 0.863672
vt 0.568605 0.852773
vt 0.570842 0.862758
vt 0.563416 0.841089
vt 0.584823 0.840182
vt 0.589218 0.852141
vt 0.591078 0.862229
vt 0.475560 0.901013
vt 0.475710 0.906601
vt 0.472723 0.894785
vt 0.484841 0.892629
vt 0.486392 0.900153
vt 0.485068 0.907349
vt 0.500293 0.899375
vt 0.498014 0.908149
vt 0.499509 0.890869
vt 0.516182 0.889466
vt 0.516518 0.898690
vt 0.513688 0.908855
vt 0.534322 0.898106
vt 0.531231 0.909320
vt 0.534316 0.888383
vt 0.553453 0.887577
vt 0.553245 0.897609
vt 0.550138 0.909531
vt 0.572827 0.897188
vt 0.569904 0.909476
vt 0.573138 0.887001
vt 0.592907 0.886612
vt 0.592573 0.896836
vt 0.589981 0.909198
vt 0.609312 0.851851
vt 0.610826 0.861939
vt 0.605732 0.839937
vt 0.626665 0.840110
vt 0.629452 0.851765
vt 0.630653 0.861792
vt 0.650204 0.851741
vt 0.651124 0.861688
vt 0.648145 0.840455
vt 0.670761 0.840856
vt 0.672172 0.851746
vt 0.672846 0.861599
vt 0.611993 0.896548
vt 0.609821 0.908737
vt 0.612294 0.886364
vt 0.631839 0.886212
vt 0.631605 0.896312
vt 0.629903 0.908167
vt 0.651928 0.896119
vt 0.650706 0.907561
vt 0.652077 0.886112
vt 0.673618 0.885997
vt 0.673566 0.895900
vt 0.672812 0.906915
vt 0.596131 0.957288
vt 0.594549 0.967318
vt 0.599169 0.945195
vt 0.621631 0.943126
vt 0.619423 0.954938
vt 0.618490 0.964949
vt 0.643332 0.952026
vt 0.642901 0.961952
vt 0.644785 0.940612
vt 0.669111 0.937993
vt 0.668318 0.948972
vt 0.668256 0.958776
vt 0.587171 0.792895
vt 0.591139 0.804644
vt 0.584901 0.784081
vt 0.611041 0.785168
vt 0.612552 0.794442
vt 0.615445 0.805984
vt 0.638061 0.796867
vt 0.640031 0.808046
vt 0.637127 0.788191
vt 0.663213 0.791215
vt 0.664192 0.799521
vt 0.665400 0.810292
vt 0.695962 0.851743
vt 0.696427 0.861496
vt 0.695105 0.841197
vt 0.720533 0.841447
vt 0.720921 0.851700
vt 0.721213 0.861353
vt 0.746394 0.851585
vt 0.746552 0.861145
vt 0.746399 0.841577
vt 0.772027 0.841569
vt 0.771675 0.851397
vt 0.771723 0.860875
vt 0.697124 0.895590
vt 0.696805 0.906228
vt 0.697070 0.885799
vt 0.721778 0.885525
vt 0.721943 0.895204
vt 0.722025 0.905517
vt 0.747364 0.894756
vt 0.747813 0.904798
vt 0.747088 0.885181
vt 0.772267 0.884768
vt 0.772656 0.894253
vt 0.773453 0.904090
vt 0.694839 0.946196
vt 0.695028 0.955867
vt 0.695090 0.935610
vt 0.722083 0.933478
vt 0.722276 0.943724
vt 0.722624 0.953271
vt 0.750009 0.941583
vt 0.750448 0.951033
vt 0.749456 0.931609
vt 0.776581 0.930078
vt 0.777441 0.939855
vt 0.777922 0.949236
vt 0.691439 0.801757
vt 0.692055 0.812185
vt 0.691258 0.793357
vt 0.719303 0.795499
vt 0.719265 0.803576
vt 0.719426 0.813720
vt 0.747129 0.804981
vt 0.746938 0.814891
vt 0.747264 0.796780
vt 0.775225 0.798060
vt 0.774502 0.805862
vt 0.774030 0.815608
vt 0.796060 0.851133
vt 0.796008 0.860545
vt 0.796740 0.841404
vt 0.820420 0.841078
vt 0.819417 0.850785
vt 0.819271 0.860151
vt 0.841619 0.850348
vt 0.841376 0.859690
vt 0.842950 0.840588
vt 0.864225 0.839896
vt 0.862562 0.849795
vt 0.862221 0.859151
vt 0.797087 0.893699
vt 0.798234 0.903412
vt 0.796580 0.884288
vt 0.819884 0.883753
vt 0.820512 0.893108
vt 0.822014 0.902775
vt 0.842787 0.892498
vt 0.844655 0.902190
vt 0.842032 0.883174
vt 0.862916 0.882577
vt 0.863800 0.891907
vt 0.866041 0.901709
vt 0.803977 0.938625
vt 0.804467 0.947964
vt 0.802831 0.928956
vt 0.828095 0.928229
vt 0.829521 0.937875
vt 0.829997 0.947201
vt 0.853976 0.937585
vt 0.854426 0.946929
vt 0.852264 0.927881
vt 0.875210 0.927978
vt 0.877215 0.937817
vt 0.877634 0.947203
vt 0.800856 0.806111
vt 0.800138 0.815780
vt 0.801080 0.798008
vt 0.826936 0.797956
vt 0.826133 0.805762
vt 0.825187 0.815435
vt 0.850278 0.804851
vt 0.849107 0.814601
vt 0.850510 0.796724
vt 0.874084 0.795492
vt 0.873172 0.803299
vt 0.871777 0.813203
vt 0.882146 0.849102
vt 0.881705 0.858524
vt 0.884137 0.838961
vt 0.902494 0.837867
vt 0.900194 0.848321
vt 0.899648 0.857847
vt 0.916530 0.847504
vt 0.915867 0.857158
vt 0.919099 0.836696
vt 0.935923 0.835347
vt 0.933129 0.846567
vt 0.932292 0.856388
vt 0.883436 0.891374
vt 0.886054 0.901381
vt 0.882427 0.881989
vt 0.900387 0.881423
vt 0.901524 0.890898
vt 0.904499 0.901177
vt 0.917890 0.890481
vt 0.921181 0.901070
vt 0.916618 0.880893
vt 0.933041 0.880347
vt 0.934501 0.890077
vt 0.938065 0.901028
vt 0.899113 0.938634
vt 0.899503 0.948075
vt 0.896806 0.928584
vt 0.916703 0.929567
vt 0.919306 0.939881
vt 0.919694 0.949388
vt 0.937435 0.941404
vt 0.937869 0.950987
vt 0.934551 0.930794
vt 0.952082 0.932293
vt 0.955287 0.943258
vt 0.955920 0.952946
vt 0.894696 0.801025
vt 0.893079 0.811168
vt 0.894916 0.792758
vt 0.915748 0.790023
vt 0.914513 0.798260
vt 0.912682 0.808706
vt 0.932285 0.795236
vt 0.930253 0.806023
vt 0.932588 0.786722
vt 0.949427 0.783421
vt 0.949781 0.791766
vt 0.947511 0.802970
vt 0.951966 0.845428
vt 0.950851 0.855469
vt 0.954936 0.833719
vt 0.973968 0.834926
vt 0.971922 0.844189
vt 0.969876 0.853451
vt 0.953324 0.889640
vt 0.957118 0.901021
vt 0.951578 0.879733
vt 0.970597 0.880170
vt 0.973252 0.889187
vt 0.975907 0.898205
vt 0.974651 0.945501
vt 0.975736 0.955342
vt 0.971030 0.934092
vt 0.992007 0.938848
vt 0.994770 0.947937
vt 0.997533 0.957027
vt 0.968771 0.787664
vt 0.966174 0.799397
vt 0.969888 0.778648
vt 0.990349 0.773876
vt 0.988508 0.783247
vt 0.986667 0.792617
vt 0.442871 0.915908
vt 0.443320 0.903396
vt 0.447982 0.930871
vt 0.434008 0.933397
vt 0.432720 0.913833
vt 0.459285 0.945711
vt 0.475666 0.958899
vt 0.465504 0.968646
vt 0.449756 0.951021
vt 0.452618 0.865472
vt 0.460572 0.857353
vt 0.473170 0.848107
vt 0.489577 0.839225
vt 0.497097 0.880462
vt 0.481638 0.883329
vt 0.514380 0.878269
vt 0.468507 0.886942
vt 0.457570 0.891175
vt 0.491237 0.919357
vt 0.479643 0.915669
vt 0.505995 0.922873
vt 0.471867 0.912526
vt 0.448697 0.895906
vt 0.572415 0.874846
vt 0.552476 0.875575
vt 0.592358 0.874398
vt 0.532985 0.876678
vt 0.523269 0.925498
vt 0.542416 0.927198
vt 0.562794 0.927936
vt 0.583752 0.927827
vt 0.496007 0.968907
vt 0.489527 0.978947
vt 0.519071 0.975720
vt 0.513551 0.989247
vt 0.543622 0.979325
vt 0.540364 0.991747
vt 0.568725 0.980330
vt 0.567177 0.994248
vt 0.508960 0.832196
vt 0.530402 0.827073
vt 0.552987 0.823906
vt 0.575942 0.822401
vt 0.651779 0.873890
vt 0.631485 0.873990
vt 0.673353 0.873790
vt 0.611863 0.874136
vt 0.604639 0.926982
vt 0.625851 0.925654
vt 0.647784 0.924091
vt 0.670968 0.922460
vt 0.593445 0.979343
vt 0.592580 0.992365
vt 0.618090 0.977018
vt 0.617984 0.990481
vt 0.642965 0.974012
vt 0.643278 0.987137
vt 0.668595 0.970788
vt 0.668572 0.983794
vt 0.598500 0.822263
vt 0.621072 0.823028
vt 0.644073 0.824233
vt 0.668047 0.825554
vt 0.746800 0.873160
vt 0.721517 0.873435
vt 0.771938 0.872820
vt 0.696817 0.873641
vt 0.695936 0.920928
vt 0.722036 0.919508
vt 0.748617 0.918215
vt 0.775007 0.917094
vt 0.695502 0.967809
vt 0.696118 0.980886
vt 0.723137 0.965143
vt 0.723665 0.977977
vt 0.750949 0.962858
vt 0.751480 0.975872
vt 0.778361 0.961031
vt 0.779295 0.973766
vt 0.693540 0.826671
vt 0.719941 0.827565
vt 0.746638 0.828218
vt 0.773008 0.828575
vt 0.841537 0.871435
vt 0.819448 0.871953
vt 0.862364 0.870869
vt 0.796201 0.872416
vt 0.800532 0.916191
vt 0.825067 0.915505
vt 0.848485 0.915034
vt 0.870665 0.914837
vt 0.804797 0.959738
vt 0.805046 0.972729
vt 0.830176 0.958965
vt 0.830798 0.971692
vt 0.854417 0.958697
vt 0.854180 0.971677
vt 0.877419 0.958979
vt 0.877561 0.971662
vt 0.798432 0.828582
vt 0.822813 0.828251
vt 0.846055 0.827593
vt 0.868045 0.826550
vt 0.915920 0.869036
vt 0.899737 0.869644
vt 0.932284 0.868383
vt 0.881824 0.870263
vt 0.891482 0.914975
vt 0.910663 0.915366
vt 0.927933 0.915928
vt 0.945133 0.916658
vt 0.899080 0.959855
vt 0.898250 0.972805
vt 0.919089 0.961171
vt 0.918938 0.973948
vt 0.937137 0.962776
vt 0.935821 0.975667
vt 0.955150 0.964750
vt 0.952704 0.977385
vt 0.888671 0.825065
vt 0.907667 0.823285
vt 0.924766 0.821356
vt 0.941805 0.819156
vt 0.950738 0.867623
vt 0.970237 0.866811
vt 0.964103 0.917552
vt 0.983957 0.918527
vt 0.975054 0.967175
vt 0.973490 0.980006
vt 0.995904 0.969827
vt 0.994275 0.982626
vt 0.960617 0.816562
vt 0.980317 0.813771
vt 0.295512 0.790910
vt 0.295926 0.675586
vt 0.384356 0.675647
vt 0.384402 0.791134
vt 0.385237 0.957238
vt 0.384677 0.995762
vt 0.295003 0.995795
vt 0.294503 0.957061
vt 0.292024 0.830677
vt 0.291903 0.954732
vt 0.254232 0.946154
vt 0.254337 0.830623
vt 0.385215 0.828651
vt 0.294643 0.828753
vt 0.387846 0.954908
vt 0.387841 0.830578
vt 0.425534 0.830601
vt 0.425519 0.946311
vt 0.383320 0.949620
vt 0.385334 0.954720
vt 0.294415 0.954540
vt 0.296431 0.949500
vt 0.296704 0.844052
vt 0.294535 0.831357
vt 0.383148 0.844035
vt 0.385329 0.831252
vt 0.208008 0.581594
vt 0.173045 0.525206
vt 0.209183 0.505386
vt 0.217216 0.546802
vt 0.889296 0.012987
vt 0.875891 0.058732
vt 0.782946 0.058680
vt 0.815179 0.012945
vt 0.276342 0.532329
vt 0.302330 0.487209
vt 0.334591 0.512019
vt 0.292979 0.564687
vt 0.571418 0.003486
vt 0.604891 0.050961
vt 0.508584 0.051165
vt 0.494620 0.003649
vt 0.262227 0.061283
vt 0.274711 0.055856
vt 0.276916 0.073325
vt 0.269845 0.075106
vt 0.327946 0.437085
vt 0.359626 0.453656
vt 0.636614 0.101400
vt 0.516489 0.101655
vt 0.170098 0.462491
vt 0.206186 0.453479
vt 0.868338 0.107143
vt 0.752406 0.107078
vt 0.346216 0.389635
vt 0.376897 0.402415
vt 0.659106 0.147242
vt 0.519186 0.147539
vt 0.168951 0.410875
vt 0.202081 0.406298
vt 0.865804 0.151294
vt 0.730769 0.151218
vt 0.360634 0.346874
vt 0.388659 0.354478
vt 0.677637 0.188917
vt 0.523174 0.189245
vt 0.172110 0.362786
vt 0.201666 0.363893
vt 0.862019 0.191230
vt 0.712948 0.191146
vt 0.365112 0.310696
vt 0.393978 0.315184
vt 0.685788 0.223556
vt 0.535099 0.223876
vt 0.183403 0.319441
vt 0.208701 0.328854
vt 0.850562 0.224670
vt 0.705134 0.224588
vt 0.368927 0.277855
vt 0.365312 0.247416
vt 0.394367 0.247193
vt 0.396829 0.279194
vt 0.580451 0.255078
vt 0.693146 0.254838
vt 0.692577 0.283884
vt 0.581258 0.284120
vt 0.251177 0.282933
vt 0.222269 0.271645
vt 0.227065 0.243029
vt 0.251462 0.252383
vt 0.698080 0.254778
vt 0.806840 0.254839
vt 0.806105 0.282869
vt 0.698673 0.282808
vt 0.363063 0.192487
vt 0.353173 0.164375
vt 0.380328 0.151952
vt 0.384088 0.188376
vt 0.611523 0.337057
vt 0.691563 0.336887
vt 0.682142 0.365601
vt 0.607249 0.365760
vt 0.274083 0.193776
vt 0.252737 0.193380
vt 0.240150 0.166559
vt 0.270522 0.166340
vt 0.699731 0.332908
vt 0.776977 0.332951
vt 0.781145 0.359833
vt 0.708867 0.359792
vt 0.342185 0.134706
vt 0.311415 0.093591
vt 0.322773 0.075658
vt 0.365170 0.116202
vt 0.597510 0.396140
vt 0.671929 0.395982
vt 0.643039 0.439126
vt 0.598157 0.439221
vt 0.262732 0.137494
vt 0.234283 0.132011
vt 0.246747 0.089326
vt 0.266628 0.097781
vt 0.718769 0.389002
vt 0.790590 0.389043
vt 0.790031 0.431570
vt 0.746715 0.431546
vt 0.607093 0.467796
vt 0.597593 0.467816
vt 0.790618 0.459167
vt 0.781449 0.459161
vt 0.364245 0.220061
vt 0.385630 0.219284
vt 0.692080 0.310496
vt 0.605807 0.310679
vt 0.250208 0.215425
vt 0.271594 0.222170
vt 0.782454 0.307470
vt 0.699193 0.307424
vt 0.457004 0.697677
vt 0.451696 0.691755
vt 0.457358 0.689477
vt 0.461643 0.697057
vt 0.443162 0.677915
vt 0.456107 0.681422
vt 0.466113 0.684999
vt 0.466261 0.691982
vt 0.467285 0.696687
vt 0.451463 0.702163
vt 0.444407 0.697667
vt 0.458898 0.704922
vt 0.465359 0.715451
vt 0.456819 0.716809
vt 0.445652 0.717420
vt 0.467923 0.731800
vt 0.460338 0.735049
vt 0.476771 0.727143
vt 0.492485 0.738167
vt 0.483957 0.745404
vt 0.475024 0.752677
vt 0.504107 0.755888
vt 0.498372 0.762801
vt 0.511853 0.746693
vt 0.533746 0.752617
vt 0.527061 0.763186
vt 0.521721 0.772924
vt 0.551507 0.767233
vt 0.547938 0.775746
vt 0.557036 0.755835
vt 0.580836 0.756730
vt 0.576478 0.768498
vt 0.574154 0.778567
vt 0.461657 0.659451
vt 0.468008 0.655484
vt 0.470787 0.660317
vt 0.465576 0.665299
vt 0.472904 0.653863
vt 0.475923 0.656770
vt 0.479447 0.659772
vt 0.476818 0.663287
vt 0.472900 0.668842
vt 0.469204 0.648678
vt 0.475478 0.649567
vt 0.461740 0.650248
vt 0.466345 0.638928
vt 0.474508 0.640310
vt 0.481608 0.643596
vt 0.484054 0.630795
vt 0.491536 0.636399
vt 0.475993 0.626728
vt 0.490114 0.615151
vt 0.497478 0.621459
vt 0.504927 0.629156
vt 0.514415 0.613630
vt 0.521446 0.623046
vt 0.508135 0.605697
vt 0.529024 0.598687
vt 0.534073 0.607720
vt 0.540407 0.618399
vt 0.555658 0.604139
vt 0.561125 0.615547
vt 0.551750 0.594441
vt 0.575340 0.592488
vt 0.578243 0.602541
vt 0.582773 0.614256
vt 0.485381 0.664504
vt 0.483030 0.671131
vt 0.485433 0.659016
vt 0.494870 0.657705
vt 0.496591 0.664666
vt 0.495653 0.672485
vt 0.510566 0.664469
vt 0.510451 0.673224
vt 0.507702 0.656062
vt 0.523095 0.654329
vt 0.526615 0.664038
vt 0.526959 0.673498
vt 0.544046 0.663494
vt 0.544710 0.673459
vt 0.540213 0.652748
vt 0.558630 0.651408
vt 0.562488 0.662889
vt 0.563343 0.673180
vt 0.581568 0.662275
vt 0.582496 0.672735
vt 0.577921 0.650398
vt 0.597538 0.649668
vt 0.600812 0.661653
vt 0.601730 0.672165
vt 0.476219 0.695921
vt 0.473654 0.700908
vt 0.477462 0.689035
vt 0.490692 0.692844
vt 0.488312 0.700268
vt 0.483970 0.706125
vt 0.503622 0.703993
vt 0.498336 0.711308
vt 0.506342 0.695740
vt 0.523785 0.697738
vt 0.521192 0.706852
vt 0.515602 0.715772
vt 0.540063 0.708602
vt 0.534618 0.718829
vt 0.542394 0.698855
vt 0.561770 0.699285
vt 0.559778 0.709455
vt 0.554794 0.720644
vt 0.579880 0.709627
vt 0.575535 0.721382
vt 0.581514 0.699223
vt 0.601207 0.698822
vt 0.599923 0.709317
vt 0.596311 0.721288
vt 0.619748 0.661021
vt 0.620605 0.671511
vt 0.616937 0.649166
vt 0.636579 0.648785
vt 0.638879 0.660354
vt 0.639644 0.670780
vt 0.658713 0.659625
vt 0.659372 0.669978
vt 0.656926 0.648419
vt 0.678540 0.648046
vt 0.679831 0.658875
vt 0.680372 0.669145
vt 0.619459 0.708723
vt 0.616589 0.720611
vt 0.620426 0.698235
vt 0.639720 0.697524
vt 0.639036 0.707951
vt 0.636885 0.719554
vt 0.659201 0.707102
vt 0.657714 0.718322
vt 0.659634 0.696754
vt 0.680764 0.695920
vt 0.680550 0.706179
vt 0.679656 0.716993
vt 0.601009 0.767454
vt 0.599240 0.776350
vt 0.604263 0.755685
vt 0.627646 0.753330
vt 0.625388 0.764847
vt 0.624326 0.774132
vt 0.649908 0.761422
vt 0.649390 0.770124
vt 0.651315 0.750296
vt 0.675780 0.747066
vt 0.675072 0.757767
vt 0.674454 0.766117
vt 0.600903 0.602579
vt 0.604522 0.614293
vt 0.598822 0.592358
vt 0.622470 0.593441
vt 0.623893 0.603702
vt 0.626657 0.615203
vt 0.647473 0.605359
vt 0.649461 0.616529
vt 0.646556 0.595128
vt 0.671532 0.596976
vt 0.672076 0.607132
vt 0.673387 0.617927
vt 0.702814 0.658144
vt 0.703228 0.668322
vt 0.701983 0.647649
vt 0.726613 0.647240
vt 0.727021 0.657447
vt 0.727308 0.667529
vt 0.751816 0.656797
vt 0.751978 0.666788
vt 0.751792 0.646832
vt 0.776825 0.646435
vt 0.776487 0.656219
vt 0.776524 0.666128
vt 0.703678 0.705184
vt 0.703294 0.715648
vt 0.703704 0.695022
vt 0.727825 0.694112
vt 0.727953 0.704176
vt 0.728003 0.714342
vt 0.752743 0.703212
vt 0.753157 0.713128
vt 0.752494 0.693242
vt 0.777013 0.692442
vt 0.777360 0.702329
vt 0.778098 0.712057
vt 0.701387 0.754470
vt 0.701560 0.762881
vt 0.701550 0.744124
vt 0.728061 0.741496
vt 0.728317 0.751550
vt 0.728666 0.759645
vt 0.755328 0.749023
vt 0.755784 0.757233
vt 0.754750 0.739209
vt 0.781065 0.737379
vt 0.781902 0.747023
vt 0.782902 0.754821
vt 0.698137 0.608602
vt 0.698889 0.619052
vt 0.697853 0.598547
vt 0.724940 0.599820
vt 0.725056 0.609771
vt 0.725352 0.619921
vt 0.752236 0.610644
vt 0.752161 0.620548
vt 0.752218 0.600778
vt 0.779121 0.601351
vt 0.779095 0.611151
vt 0.778705 0.620880
vt 0.800321 0.655737
vt 0.800233 0.665578
vt 0.801016 0.646055
vt 0.824233 0.645686
vt 0.823179 0.655339
vt 0.822963 0.665132
vt 0.844919 0.655014
vt 0.844573 0.664782
vt 0.846338 0.645318
vt 0.867219 0.644909
vt 0.865433 0.654730
vt 0.864958 0.664509
vt 0.801118 0.701559
vt 0.802164 0.711179
vt 0.800682 0.691740
vt 0.823366 0.691150
vt 0.823887 0.700920
vt 0.825237 0.710507
vt 0.845537 0.700427
vt 0.847198 0.710055
vt 0.844931 0.690683
vt 0.865270 0.690359
vt 0.865964 0.700114
vt 0.867940 0.709870
vt 0.807519 0.745681
vt 0.808042 0.753793
vt 0.806454 0.736119
vt 0.830838 0.735417
vt 0.832114 0.744974
vt 0.833181 0.752764
vt 0.855623 0.744880
vt 0.856131 0.753016
vt 0.854137 0.735256
vt 0.876236 0.735717
vt 0.877932 0.745485
vt 0.879081 0.753267
vt 0.805053 0.611225
vt 0.804373 0.620863
vt 0.805084 0.601466
vt 0.830030 0.601135
vt 0.830020 0.610883
vt 0.829063 0.620512
vt 0.853909 0.610140
vt 0.852671 0.619841
vt 0.853881 0.600371
vt 0.876523 0.599132
vt 0.876592 0.608947
vt 0.875069 0.618795
vt 0.884613 0.654453
vt 0.884012 0.664293
vt 0.886761 0.644416
vt 0.904771 0.643877
vt 0.902284 0.654192
vt 0.901557 0.664130
vt 0.918271 0.653958
vt 0.917412 0.664014
vt 0.921055 0.643330
vt 0.937529 0.642733
vt 0.934497 0.653726
vt 0.933456 0.663931
vt 0.885060 0.700014
vt 0.887355 0.709998
vt 0.884277 0.690195
vt 0.901779 0.690160
vt 0.902658 0.700082
vt 0.905256 0.710365
vt 0.918586 0.700271
vt 0.921452 0.710894
vt 0.917599 0.690222
vt 0.933615 0.690386
vt 0.934770 0.700598
vt 0.937867 0.711618
vt 0.898928 0.746877
vt 0.899405 0.755149
vt 0.897021 0.736881
vt 0.916165 0.738554
vt 0.918282 0.748838
vt 0.919730 0.757030
vt 0.935663 0.751152
vt 0.936211 0.759659
vt 0.933345 0.740541
vt 0.950241 0.742922
vt 0.952802 0.753932
vt 0.952693 0.762288
vt 0.897941 0.607255
vt 0.896131 0.617323
vt 0.897837 0.597383
vt 0.917499 0.595291
vt 0.917609 0.605233
vt 0.915517 0.615569
vt 0.935246 0.603046
vt 0.932889 0.613680
vt 0.935183 0.593029
vt 0.952728 0.590451
vt 0.952593 0.600574
vt 0.949932 0.611562
vt 0.952884 0.653468
vt 0.951571 0.663867
vt 0.956113 0.642046
vt 0.974543 0.644066
vt 0.972351 0.653198
vt 0.970160 0.662330
vt 0.953131 0.701075
vt 0.956425 0.712565
vt 0.951703 0.690654
vt 0.970259 0.692440
vt 0.972582 0.701628
vt 0.974905 0.710817
vt 0.971434 0.757290
vt 0.972787 0.766251
vt 0.968536 0.745778
vt 0.988743 0.751658
vt 0.990812 0.760936
vt 0.992881 0.770214
vt 0.971388 0.597693
vt 0.968333 0.609122
vt 0.971969 0.587412
vt 0.993222 0.585441
vt 0.990906 0.594608
vt 0.988589 0.603776
vt 0.441462 0.658019
vt 0.452136 0.653671
vt 0.453868 0.666017
vt 0.439761 0.638124
vt 0.455628 0.638196
vt 0.453554 0.616884
vt 0.465405 0.621977
vt 0.467347 0.595644
vt 0.480632 0.607066
vt 0.481510 0.653525
vt 0.489136 0.650038
vt 0.500389 0.645764
vt 0.514666 0.641408
vt 0.508831 0.684565
vt 0.493413 0.682730
vt 0.525862 0.685676
vt 0.480062 0.680040
vt 0.468829 0.676683
vt 0.488147 0.719669
vt 0.475364 0.711538
vt 0.504533 0.727250
vt 0.467087 0.704206
vt 0.459765 0.672848
vt 0.582433 0.685988
vt 0.563031 0.686253
vt 0.601836 0.685496
vt 0.544051 0.686193
vt 0.523619 0.732933
vt 0.544553 0.736734
vt 0.566482 0.738668
vt 0.588698 0.739043
vt 0.500471 0.595513
vt 0.492114 0.584204
vt 0.516881 0.572765
vt 0.523357 0.587253
vt 0.547727 0.582221
vt 0.543646 0.568740
vt 0.570412 0.564715
vt 0.572625 0.579813
vt 0.531362 0.637676
vt 0.549931 0.634770
vt 0.569826 0.632894
vt 0.590365 0.631917
vt 0.659685 0.683367
vt 0.639924 0.684152
vt 0.680693 0.682535
vt 0.620820 0.684873
vt 0.610491 0.738168
vt 0.632284 0.736457
vt 0.654501 0.734325
vt 0.677687 0.732049
vt 0.597097 0.579427
vt 0.595550 0.565141
vt 0.620688 0.565567
vt 0.621452 0.580384
vt 0.646000 0.582004
vt 0.645626 0.567435
vt 0.670564 0.569302
vt 0.671254 0.583840
vt 0.610865 0.631706
vt 0.631695 0.631983
vt 0.653227 0.632468
vt 0.675967 0.632981
vt 0.752221 0.680019
vt 0.727593 0.680824
vt 0.776716 0.679289
vt 0.703540 0.681675
vt 0.702385 0.729906
vt 0.727997 0.727938
vt 0.753926 0.726185
vt 0.779565 0.724732
vt 0.697726 0.585441
vt 0.697677 0.570811
vt 0.724791 0.572320
vt 0.724870 0.586764
vt 0.752141 0.587764
vt 0.752033 0.573175
vt 0.779274 0.574030
vt 0.778975 0.588370
vt 0.700423 0.633343
vt 0.725964 0.633571
vt 0.751960 0.633680
vt 0.777756 0.633648
vt 0.844593 0.677737
vt 0.823042 0.678145
vt 0.864918 0.677438
vt 0.800370 0.678663
vt 0.804306 0.723659
vt 0.828050 0.722967
vt 0.850697 0.722656
vt 0.872135 0.722791
vt 0.804813 0.588512
vt 0.804392 0.573962
vt 0.829509 0.573894
vt 0.829585 0.588196
vt 0.853220 0.587426
vt 0.852242 0.572895
vt 0.874976 0.571895
vt 0.875629 0.586175
vt 0.802697 0.633452
vt 0.826664 0.633095
vt 0.849535 0.632580
vt 0.871188 0.631857
vt 0.917198 0.677119
vt 0.901400 0.677147
vt 0.933170 0.677158
vt 0.883914 0.677248
vt 0.892253 0.723437
vt 0.910791 0.724459
vt 0.927490 0.725719
vt 0.944144 0.727272
vt 0.896723 0.584415
vt 0.895103 0.569901
vt 0.915231 0.567906
vt 0.916201 0.582317
vt 0.933767 0.580051
vt 0.931674 0.565592
vt 0.948117 0.563278
vt 0.951288 0.577461
vt 0.891502 0.630875
vt 0.910210 0.629727
vt 0.927043 0.628506
vt 0.943793 0.627147
vt 0.951180 0.677256
vt 0.970209 0.677385
vt 0.962547 0.729168
vt 0.981824 0.731238
vt 0.970633 0.574394
vt 0.968338 0.560006
vt 0.988559 0.556733
vt 0.990891 0.571087
vt 0.962252 0.625585
vt 0.981566 0.623921
vt 0.194345 0.003357
vt 0.229415 0.059919
vt 0.193167 0.079800
vt 0.185109 0.038256
vt 0.786530 0.493419
vt 0.801214 0.443309
vt 0.903028 0.443367
vt 0.867719 0.493465
vt 0.125800 0.052774
vt 0.099734 0.098033
vt 0.067374 0.073147
vt 0.109112 0.020317
vt 0.517923 0.483160
vt 0.483791 0.434749
vt 0.581996 0.434541
vt 0.596236 0.482994
vt 0.139962 0.525267
vt 0.127439 0.530712
vt 0.125228 0.513189
vt 0.132321 0.511402
vt 0.074039 0.148311
vt 0.042262 0.131689
vt 0.451442 0.383315
vt 0.573935 0.383055
vt 0.232372 0.122826
vt 0.196173 0.131867
vt 0.809488 0.390279
vt 0.936481 0.390351
vt 0.055713 0.195908
vt 0.024938 0.183088
vt 0.428507 0.336570
vt 0.571185 0.336267
vt 0.233523 0.174601
vt 0.200290 0.179193
vt 0.812264 0.341916
vt 0.960183 0.342000
vt 0.041251 0.238800
vt 0.013140 0.231173
vt 0.409611 0.294073
vt 0.567119 0.293739
vt 0.230354 0.222838
vt 0.200708 0.221727
vt 0.816410 0.298169
vt 0.979705 0.298262
vt 0.036759 0.275089
vt 0.007805 0.270587
vt 0.401299 0.258752
vt 0.554958 0.258426
vt 0.219027 0.266316
vt 0.193650 0.256874
vt 0.828961 0.261539
vt 0.988264 0.261629
vt 0.032933 0.308031
vt 0.036559 0.338563
vt 0.007414 0.338787
vt 0.004945 0.306688
vt 0.508713 0.226608
vt 0.393796 0.226852
vt 0.394377 0.197234
vt 0.507890 0.196994
vt 0.151045 0.302937
vt 0.180042 0.314259
vt 0.175231 0.342963
vt 0.150759 0.333580
vt 0.995992 0.228559
vt 0.876854 0.228491
vt 0.877659 0.197788
vt 0.995342 0.197854
vt 0.038815 0.393661
vt 0.048736 0.421859
vt 0.021498 0.434321
vt 0.017726 0.397785
vt 0.477028 0.143013
vt 0.395410 0.143186
vt 0.405017 0.113906
vt 0.481386 0.113744
vt 0.128069 0.392367
vt 0.149481 0.392765
vt 0.162106 0.419668
vt 0.131641 0.419888
vt 0.994183 0.142974
vt 0.909567 0.142927
vt 0.905001 0.113480
vt 0.984176 0.113524
vt 0.059758 0.451619
vt 0.090623 0.492861
vt 0.079230 0.510849
vt 0.036702 0.470181
vt 0.491317 0.082765
vt 0.415431 0.082926
vt 0.444891 0.038932
vt 0.490658 0.038835
vt 0.139455 0.448822
vt 0.167991 0.454322
vt 0.155489 0.497138
vt 0.135548 0.488657
vt 0.973328 0.081528
vt 0.894655 0.081483
vt 0.895268 0.034899
vt 0.942716 0.034925
vt 0.481546 0.009696
vt 0.491233 0.009676
vt 0.894624 0.004669
vt 0.904668 0.004675
vt 0.037629 0.366002
vt 0.016179 0.366782
vt 0.394883 0.170097
vt 0.482857 0.169910
vt 0.152017 0.370652
vt 0.130565 0.363887
vt 0.903567 0.170839
vt 0.994772 0.170890
vn 0.646911 -0.713936 -0.267959
vn 0.646910 -0.713936 -0.267960
vn 0.495126 -0.713934 -0.495125
vn 0.495126 -0.713934 -0.495124
vn 0.646910 -0.713936 -0.267960
vn 0.646911 -0.713936 -0.267959
vn 0.700214 -0.713933 0.000002
vn 0.700214 -0.713933 0.000002
vn 0.495126 -0.713934 -0.495124
vn 0.495126 -0.713934 -0.495125
vn 0.267961 -0.713932 -0.646914
vn 0.267961 -0.713932 -0.646914
vn 0.267961 -0.713932 -0.646914
vn 0.267961 -0.713932 -0.646914
vn 0.000000 -0.713934 -0.700213
vn 0.000000 -0.713934 -0.700213
vn 0.000000 -0.713934 -0.700213
vn 0.000000 -0.713934 -0.700213
vn -0.267961 -0.713934 -0.646912
vn -0.267960 -0.713934 -0.646912
vn -0.267960 -0.713934 -0.646912
vn -0.267961 -0.713934 -0.646912
vn -0.495126 -0.713933 -0.495126
vn -0.495126 -0.713933 -0.495126
vn -0.495126 -0.713933 -0.495126
vn -0.495126 -0.713933 -0.495126
vn -0.646912 -0.713934 -0.267960
vn -0.646912 -0.713934 -0.267961
vn -0.646912 -0.713934 -0.267961
vn -0.646912 -0.713934 -0.267960
vn -0.700213 -0.713934 0.000000
vn -0.700213 -0.713934 0.000000
vn -0.700213 -0.713934 0.000000
vn -0.700213 -0.713934 0.000000
vn -0.646913 -0.713934 0.267959
vn -0.646912 -0.713934 0.267959
vn -0.646912 -0.713934 0.267959
vn -0.646913 -0.713934 0.267959
vn -0.495127 -0.713933 0.495126
vn -0.495127 -0.713933 0.495126
vn -0.495127 -0.713933 0.495126
vn -0.495127 -0.713933 0.495126
vn -0.267962 -0.713931 0.646915
vn -0.267961 -0.713931 0.646915
vn -0.267961 -0.713931 0.646915
vn -0.267962 -0.713931 0.646915
vn 0.000000 -0.713934 0.700213
vn 0.000000 -0.713934 0.700213
vn 0.000000 -0.713934 0.700213
vn 0.000000 -0.713934 0.700213
vn 0.267959 -0.713937 0.646910
vn 0.267960 -0.713937 0.646910
vn 0.267960 -0.713937 0.646910
vn 0.267959 -0.713937 0.646910
vn 0.495124 -0.713936 0.495123
vn 0.495125 -0.713936 0.495123
vn 0.495125 -0.713936 0.495123
vn 0.495124 -0.713936 0.495123
vn 0.646914 -0.713932 0.267961
vn 0.646913 -0.713932 0.267963
vn 0.646913 -0.713932 0.267963
vn 0.646914 -0.713932 0.267961
vn 0.700214 -0.713933 0.000002
vn 0.700214 -0.713933 0.000002
vn 0.646909 0.713939 -0.267957
vn 0.646909 0.713938 -0.267958
vn 0.700213 0.713934 0.000002
vn 0.700213 0.713934 0.000002
vn 0.646909 0.713938 -0.267958
vn 0.646909 0.713939 -0.267957
vn 0.495124 0.713936 -0.495124
vn 0.495123 0.713937 -0.495124
vn 0.495123 0.713937 -0.495124
vn 0.495124 0.713936 -0.495124
vn 0.267961 0.713932 -0.646915
vn 0.267960 0.713932 -0.646915
vn 0.267960 0.713932 -0.646915
vn 0.267961 0.713932 -0.646915
vn 0.000000 0.713934 -0.700213
vn 0.000000 0.713934 -0.700213
vn 0.000000 0.713934 -0.700213
vn 0.000000 0.713934 -0.700213
vn -0.267959 0.713934 -0.646913
vn -0.267960 0.713934 -0.646913
vn -0.267960 0.713934 -0.646913
vn -0.267959 0.713934 -0.646913
vn -0.495126 0.713934 -0.495126
vn -0.495126 0.713934 -0.495126
vn -0.495126 0.713934 -0.495126
vn -0.495126 0.713934 -0.495126
vn -0.646911 0.713935 -0.267961
vn -0.646911 0.713935 -0.267960
vn -0.646911 0.713935 -0.267960
vn -0.646911 0.713935 -0.267961
vn -0.700212 0.713935 0.000000
vn -0.700212 0.713935 0.000000
vn -0.700212 0.713935 0.000000
vn -0.700212 0.713935 0.000000
vn -0.646912 0.713935 0.267959
vn -0.646912 0.713935 0.267958
vn -0.646912 0.713935 0.267958
vn -0.646912 0.713935 0.267959
vn -0.495126 0.713934 0.495125
vn -0.495126 0.713934 0.495125
vn -0.495126 0.713934 0.495125
vn -0.495126 0.713934 0.495125
vn -0.267960 0.713932 0.646915
vn -0.267961 0.713932 0.646915
vn -0.267961 0.713932 0.646915
vn -0.267960 0.713932 0.646915
vn 0.000000 0.713935 0.700212
vn 0.000000 0.713934 0.700213
vn 0.000000 0.713934 0.700213
vn 0.000000 0.713935 0.700212
vn 0.267960 0.713936 0.646910
vn 0.267959 0.713936 0.646911
vn 0.267959 0.713936 0.646911
vn 0.267960 0.713936 0.646910
vn 0.495125 0.713935 0.495124
vn 0.495124 0.713935 0.495125
vn 0.495124 0.713935 0.495125
vn 0.495125 0.713935 0.495124
vn 0.646912 0.713933 0.267963
vn 0.646913 0.713933 0.267961
vn 0.646913 0.713933 0.267961
vn 0.646912 0.713933 0.267963
vn 0.700213 0.713934 0.000002
vn 0.700213 0.713934 0.000002
vn 0.923880 0.000000 -0.382683
vn 0.707107 0.000000 -0.707107
vn 0.707107 0.000000 -0.707107
vn 0.923880 0.000000 -0.382683
vn 0.707107 0.000000 -0.707107
vn 0.382683 0.000000 -0.923880
vn 0.382683 0.000000 -0.923880
vn 0.707107 0.000000 -0.707107
vn 0.382683 0.000000 -0.923880
vn 0.000001 0.000000 -1.000000
vn 0.000001 0.000000 -1.000000
vn 0.382683 0.000000 -0.923880
vn 0.000001 0.000000 -1.000000
vn -0.382683 0.000000 -0.923880
vn -0.382683 0.000000 -0.923880
vn 0.000001 0.000000 -1.000000
vn -0.382683 0.000000 -0.923880
vn -0.707107 0.000000 -0.707107
vn -0.707107 0.000000 -0.707107
vn -0.382683 0.000000 -0.923880
vn -0.707107 0.000000 -0.707107
vn -0.923879 0.000000 -0.382685
vn -0.923879 0.000000 -0.382685
vn -0.707107 0.000000 -0.707107
vn -0.923879 0.000000 -0.382685
vn -1.000000 0.000000 0.000000
vn -1.000000 0.000000 0.000000
vn -0.923879 0.000000 -0.382685
vn -1.000000 0.000000 0.000000
vn -0.923880 0.000000 0.382683
vn -0.923880 0.000000 0.382683
vn -1.000000 0.000000 0.000000
vn -0.923880 0.000000 0.382683
vn -0.707107 0.000000 0.707107
vn -0.707107 0.000000 0.707107
vn -0.923880 0.000000 0.382683
vn -0.707107 0.000000 0.707107
vn -0.382683 0.000000 0.923880
vn -0.382683 0.000000 0.923880
vn -0.707107 0.000000 0.707107
vn -0.382683 0.000000 0.923880
vn 0.000000 0.000000 1.000000
vn 0.000000 0.000000 1.000000
vn -0.382683 0.000000 0.923880
vn 0.000000 0.000000 1.000000
vn 0.382684 0.000000 0.923879
vn 0.382684 0.000000 0.923879
vn 0.000000 0.000000 1.000000
vn 0.382684 0.000000 0.923879
vn 0.707109 0.000000 0.707105
vn 0.707109 0.000000 0.707105
vn 0.382684 0.000000 0.923879
vn 0.707109 0.000000 0.707105
vn 0.923879 0.000000 0.382685
vn 0.923879 0.000000 0.382685
vn 0.707109 0.000000 0.707105
vn 0.923879 0.000000 0.382685
vn 1.000000 0.000000 0.000006
vn 1.000000 0.000000 0.000006
vn 0.923879 0.000000 0.382685
vn 1.000000 0.000000 0.000006
vn 0.923880 0.000000 -0.382683
vn 0.923880 0.000000 -0.382683
vn 1.000000 0.000000 0.000006
vn 0.000000 -1.000000 0.000000
vn 0.000000 -1.000000 0.000000
vn 0.000000 -1.000000 0.000000
vn 0.000000 -1.000000 0.000000
vn 0.000000 -1.000000 0.000000
vn 0.000000 -1.000000 0.000000
vn 0.000000 -1.000000 0.000000
vn 0.000000 -1.000000 0.000000
vn 0.000000 -1.000000 0.000000
vn 0.000000 -1.000000 0.000000
vn 0.000000 -1.000000 0.000000
vn 0.000000 -1.000000 0.000000
vn 0.000000 -1.000000 0.000000
vn 0.000000 -1.000000 0.000000
vn 0.000000 -1.000000 0.000000
vn 0.000000 -1.000000 0.000000
vn 0.000000 -1.000000 0.000000
vn 0.000000 -1.000000 0.000000
vn 0.000000 -1.000000 0.000000
vn 0.000000 -1.000000 0.000000
vn 0.000000 -1.000000 0.000000
vn 0.000000 -1.000000 0.000000
vn 0.000000 -1.000000 0.000000
vn 0.000000 -1.000000 0.000000
vn 0.000000 -1.000000 0.000000
vn 0.000000 -1.000000 0.000000
vn 0.000000 -1.000000 0.000000
vn 0.000000 -1.000000 0.000000
vn 0.000000 -1.000000 0.000000
vn 0.000000 -1.000000 0.000000
vn 0.000000 -1.000000 0.000000
vn 0.000000 -1.000000 0.000000
vn 0.000000 -1.000000 0.000000
vn 0.000000 -1.000000 0.000000
vn 0.000000 -1.000000 0.000000
vn 0.000000 -1.000000 0.000000
vn 0.000000 -1.000000 0.000000
vn 0.000000 -1.000000 0.000000
vn 0.000000 -1.000000 0.000000
vn 0.000000 -1.000000 0.000000
vn 0.000000 -1.000000 0.000000
vn 0.000000 -1.000000 0.000000
vn 0.000000 -1.000000 0.000000
vn 0.000000 -1.000000 0.000000
vn 0.000000 -1.000000 0.000000
vn 0.000000 -1.000000 0.000000
vn 0.000000 -1.000000 0.000000
vn 0.000000 -1.000000 0.000000
vn 0.000000 1.000000 0.000000
vn 0.000000 1.000000 0.000001
vn 0.000000 1.000000 0.000000
vn 0.000000 1.000000 0.000001
vn 0.000000 1.000000 0.000001
vn 0.000000 1.000000 0.000000
vn 0.000000 1.000000 0.000001
vn 0.000000 1.000000 0.000000
vn 0.000000 1.000000 0.000000
vn 0.000000 1.000000 0.000000
vn 0.000000 1.000000 0.000000
vn 0.000000 1.000000 0.000000
vn 0.000000 1.000000 0.000000
vn 0.000000 1.000000 0.000001
vn 0.000000 1.000000 0.000000
vn 0.000000 1.000000 0.000001
vn 0.000000 1.000000 0.000001
vn 0.000000 1.000000 0.000000
vn 0.000000 1.000000 0.000001
vn 0.000000 1.000000 0.000000
vn 0.000000 1.000000 0.000000
vn 0.000000 1.000000 0.000000
vn 0.000000 1.000000 0.000000
vn 0.000000 1.000000 0.000000
vn 0.000000 1.000000 0.000000
vn 0.000000 1.000000 -0.000001
vn 0.000000 1.000000 0.000000
vn 0.000000 1.000000 -0.000001
vn 0.000000 1.000000 -0.000001
vn 0.000000 1.000000 0.000000
vn 0.000000 1.000000 -0.000001
vn 0.000000 1.000000 0.000000
vn 0.000000 1.000000 0.000000
vn 0.000000 1.000000 0.000000
vn 0.000000 1.000000 0.000000
vn 0.000000 1.000000 0.000000
vn 0.000000 1.000000 0.000000
vn 0.000000 1.000000 0.000000
vn 0.000000 1.000000 0.000000
vn 0.000000 1.000000 0.000000
vn 0.000000 1.000000 -0.000001
vn 0.000000 1.000000 0.000000
vn 0.000000 1.000000 -0.000001
vn 0.000000 1.000000 0.000000
vn 0.000000 1.000000 0.000000
vn 0.000000 1.000000 0.000000
vn 0.000000 1.000000 0.000000
vn 0.000000 1.000000 0.000000
vn 0.361141 -0.339496 0.868516
vn 0.298776 -0.628046 0.718534
vn 0.298776 -0.628046 0.718534
vn 0.361141 -0.339496 0.868516
vn 0.298776 -0.628046 0.718534
vn 0.210158 -0.836893 0.505415
vn 0.210158 -0.836893 0.505415
vn 0.298776 -0.628046 0.718534
vn 0.210158 -0.836893 0.505415
vn 0.107787 -0.959785 0.259219
vn 0.107787 -0.959785 0.259219
vn 0.210158 -0.836893 0.505415
vn 0.107787 -0.959785 0.259219
vn 0.000000 -1.000000 0.000000
vn 0.000000 -1.000000 0.000000
vn 0.107787 -0.959785 0.259219
vn 0.000000 -1.000000 0.000000
vn -0.107787 -0.959785 -0.259220
vn -0.107787 -0.959785 -0.259220
vn 0.000000 -1.000000 0.000000
vn -0.107787 -0.959785 -0.259220
vn -0.210159 -0.836892 -0.505415
vn -0.210159 -0.836892 -0.505415
vn -0.107787 -0.959785 -0.259220
vn -0.210159 -0.836892 -0.505415
vn -0.298776 -0.628046 -0.718534
vn -0.298776 -0.628046 -0.718534
vn -0.210159 -0.836892 -0.505415
vn -0.298776 -0.628046 -0.718534
vn -0.361141 -0.339497 -0.868515
vn -0.361141 -0.339497 -0.868515
vn -0.298776 -0.628046 -0.718534
vn -0.361141 -0.339497 -0.868515
vn -0.383944 0.000000 -0.923356
vn -0.383944 0.000000 -0.923356
vn -0.361141 -0.339497 -0.868515
vn -0.383944 0.000000 -0.923356
vn -0.361141 0.339497 -0.868515
vn -0.361141 0.339497 -0.868515
vn -0.383944 0.000000 -0.923356
vn -0.361141 0.339497 -0.868515
vn -0.298776 0.628046 -0.718534
vn -0.298776 0.628046 -0.718534
vn -0.361141 0.339497 -0.868515
vn -0.298776 0.628046 -0.718534
vn -0.210158 0.836893 -0.505415
vn -0.210158 0.836893 -0.505415
vn -0.298776 0.628046 -0.718534
vn -0.210158 0.836893 -0.505415
vn -0.107787 0.959785 -0.259220
vn -0.107787 0.959785 -0.259220
vn -0.210158 0.836893 -0.505415
vn -0.107787 0.959785 -0.259220
vn 0.000000 1.000000 0.000000
vn 0.000000 1.000000 0.000000
vn -0.107787 0.959785 -0.259220
vn 0.000000 1.000000 0.000000
vn 0.107787 0.959785 0.259220
vn 0.107787 0.959785 0.259220
vn 0.000000 1.000000 0.000000
vn 0.107787 0.959785 0.259220
vn 0.210158 0.836893 0.505415
vn 0.210158 0.836893 0.505415
vn 0.107787 0.959785 0.259220
vn 0.210158 0.836893 0.505415
vn 0.298776 0.628046 0.718534
vn 0.298776 0.628046 0.718534
vn 0.210158 0.836893 0.505415
vn 0.298776 0.628046 0.718534
vn 0.361141 0.339497 0.868515
vn 0.361141 0.339497 0.868515
vn 0.298776 0.628046 0.718534
vn 0.361141 0.339497 0.868515
vn 0.383944 0.000002 0.923356
vn 0.383944 0.000002 0.923356
vn 0.361141 0.339497 0.868515
vn 0.383944 0.000002 0.923356
vn 0.361141 -0.339496 0.868516
vn 0.361141 -0.339496 0.868516
vn 0.383944 0.000002 0.923356
vn 0.075795 -0.364526 0.928103
vn 0.061246 -0.658649 0.749954
vn 0.061246 -0.658649 0.749954
vn 0.075795 -0.364526 0.928103
vn 0.061246 -0.658649 0.749954
vn 0.042034 -0.856342 0.514695
vn 0.042034 -0.856342 0.514695
vn 0.061246 -0.658649 0.749954
vn 0.042034 -0.856342 0.514695
vn 0.021194 -0.965505 0.259520
vn 0.021194 -0.965505 0.259520
vn 0.042034 -0.856342 0.514695
vn 0.021194 -0.965505 0.259520
vn 0.000000 -1.000000 0.000000
vn 0.000000 -1.000000 0.000000
vn 0.021194 -0.965505 0.259520
vn 0.000000 -1.000000 0.000000
vn -0.021194 -0.965505 -0.259521
vn -0.021194 -0.965505 -0.259521
vn 0.000000 -1.000000 0.000000
vn -0.021194 -0.965505 -0.259521
vn -0.042034 -0.856342 -0.514696
vn -0.042034 -0.856342 -0.514696
vn -0.021194 -0.965505 -0.259521
vn -0.042034 -0.856342 -0.514696
vn -0.061246 -0.658649 -0.749954
vn -0.061246 -0.658649 -0.749954
vn -0.042034 -0.856342 -0.514696
vn -0.061246 -0.658649 -0.749954
vn -0.075795 -0.364527 -0.928103
vn -0.075795 -0.364527 -0.928103
vn -0.061246 -0.658649 -0.749954
vn -0.075795 -0.364527 -0.928103
vn -0.081396 0.000000 -0.996682
vn -0.081396 0.000000 -0.996682
vn -0.075795 -0.364527 -0.928103
vn -0.081396 0.000000 -0.996682
vn -0.075795 0.364527 -0.928103
vn -0.075795 0.364527 -0.928103
vn -0.081396 0.000000 -0.996682
vn -0.075795 0.364527 -0.928103
vn -0.061246 0.658649 -0.749954
vn -0.061246 0.658649 -0.749954
vn -0.075795 0.364527 -0.928103
vn -0.061246 0.658649 -0.749954
vn -0.042034 0.856342 -0.514695
vn -0.042034 0.856342 -0.514695
vn -0.061246 0.658649 -0.749954
vn -0.042034 0.856342 -0.514695
vn -0.021194 0.965505 -0.259521
vn -0.021194 0.965505 -0.259521
vn -0.042034 0.856342 -0.514695
vn -0.021194 0.965505 -0.259521
vn 0.000000 1.000000 0.000000
vn 0.000000 1.000000 0.000000
vn -0.021194 0.965505 -0.259521
vn 0.000000 1.000000 0.000000
vn 0.021194 0.965505 0.259521
vn 0.021194 0.965505 0.259521
vn 0.000000 1.000000 0.000000
vn 0.021194 0.965505 0.259521
vn 0.042034 0.856342 0.514695
vn 0.042034 0.856342 0.514695
vn 0.021194 0.965505 0.259521
vn 0.042034 0.856342 0.514695
vn 0.061246 0.658649 0.749954
vn 0.061246 0.658649 0.749954
vn 0.042034 0.856342 0.514695
vn 0.061246 0.658649 0.749954
vn 0.075795 0.364527 0.928103
vn 0.075795 0.364527 0.928103
vn 0.061246 0.658649 0.749954
vn 0.075795 0.364527 0.928103
vn 0.081396 0.000002 0.996682
vn 0.081396 0.000002 0.996682
vn 0.075795 0.364527 0.928103
vn 0.081396 0.000002 0.996682
vn 0.075795 -0.364526 0.928103
vn 0.075795 -0.364526 0.928103
vn 0.081396 0.000002 0.996682
vn -0.096502 -0.364711 0.926107
vn -0.077965 -0.658868 0.748208
vn -0.077965 -0.658868 0.748208
vn -0.096502 -0.364711 0.926107
vn -0.077965 -0.658868 0.748208
vn -0.053498 -0.856476 0.513407
vn -0.053498 -0.856476 0.513407
vn -0.077965 -0.658868 0.748208
vn -0.053498 -0.856476 0.513407
vn -0.026972 -0.965544 0.258840
vn -0.026972 -0.965544 0.258840
vn -0.053498 -0.856476 0.513407
vn -0.026972 -0.965544 0.258840
vn 0.000000 -1.000000 0.000000
vn 0.000000 -1.000000 0.000000
vn -0.026972 -0.965544 0.258840
vn 0.000000 -1.000000 0.000000
vn 0.026972 -0.965543 -0.258841
vn 0.026972 -0.965543 -0.258841
vn 0.000000 -1.000000 0.000000
vn 0.026972 -0.965543 -0.258841
vn 0.053498 -0.856476 -0.513407
vn 0.053498 -0.856476 -0.513407
vn 0.026972 -0.965543 -0.258841
vn 0.053498 -0.856476 -0.513407
vn 0.077965 -0.658868 -0.748208
vn 0.077965 -0.658868 -0.748208
vn 0.053498 -0.856476 -0.513407
vn 0.077965 -0.658868 -0.748208
vn 0.096502 -0.364713 -0.926106
vn 0.096502 -0.364713 -0.926106
vn 0.077965 -0.658868 -0.748208
vn 0.096502 -0.364713 -0.926106
vn 0.103641 0.000000 -0.994615
vn 0.103641 0.000000 -0.994615
vn 0.096502 -0.364713 -0.926106
vn 0.103641 0.000000 -0.994615
vn 0.096502 0.364713 -0.926106
vn 0.096502 0.364713 -0.926106
vn 0.103641 0.000000 -0.994615
vn 0.096502 0.364713 -0.926106
vn 0.077965 0.658868 -0.748208
vn 0.077965 0.658868 -0.748208
vn 0.096502 0.364713 -0.926106
vn 0.077965 0.658868 -0.748208
vn 0.053498 0.856476 -0.513407
vn 0.053498 0.856476 -0.513407
vn 0.077965 0.658868 -0.748208
vn 0.053498 0.856476 -0.513407
vn 0.026972 0.965543 -0.258841
vn 0.026972 0.965543 -0.258841
vn 0.053498 0.856476 -0.513407
vn 0.026972 0.965543 -0.258841
vn 0.000000 1.000000 0.000000
vn 0.000000 1.000000 0.000000
vn 0.026972 0.965543 -0.258841
vn 0.000000 1.000000 0.000000
vn -0.026972 0.965543 0.258841
vn -0.026972 0.965543 0.258841
vn 0.000000 1.000000 0.000000
vn -0.026972 0.965543 0.258841
vn -0.053498 0.856476 0.513407
vn -0.053498 0.856476 0.513407
vn -0.026972 0.965543 0.258841
vn -0.053498 0.856476 0.513407
vn -0.077965 0.658868 0.748208
vn -0.077965 0.658868 0.748208
vn -0.053498 0.856476 0.513407
vn -0.077965 0.658868 0.748208
vn -0.096502 0.364713 0.926106
vn -0.096502 0.364713 0.926106
vn -0.077965 0.658868 0.748208
vn -0.096502 0.364713 0.926106
vn -0.103641 0.000002 0.994615
vn -0.103641 0.000002 0.994615
vn -0.096502 0.364713 0.926106
vn -0.103641 0.000002 0.994615
vn -0.096502 -0.364711 0.926107
vn -0.096502 -0.364711 0.926107
vn -0.103641 0.000002 0.994615
vn 0.237245 -0.364526 0.900464
vn 0.191705 -0.658649 0.727620
vn 0.191705 -0.658649 0.727620
vn 0.237245 -0.364526 0.900464
vn 0.191705 -0.658649 0.727620
vn 0.131568 -0.856342 0.499367
vn 0.131568 -0.856342 0.499367
vn 0.191705 -0.658649 0.727620
vn 0.131568 -0.856342 0.499367
vn 0.066339 -0.965505 0.251792
vn 0.066339 -0.965505 0.251792
vn 0.131568 -0.856342 0.499367
vn 0.066339 -0.965505 0.251792
vn 0.000000 -1.000000 0.000000
vn 0.000000 -1.000000 0.000000
vn 0.066339 -0.965505 0.251792
vn 0.000000 -1.000000 0.000000
vn -0.066340 -0.965505 -0.251793
vn -0.066340 -0.965505 -0.251793
vn 0.000000 -1.000000 0.000000
vn -0.066340 -0.965505 -0.251793
vn -0.131568 -0.856342 -0.499368
vn -0.131568 -0.856342 -0.499368
vn -0.066340 -0.965505 -0.251793
vn -0.131568 -0.856342 -0.499368
vn -0.191705 -0.658649 -0.727620
vn -0.191705 -0.658649 -0.727620
vn -0.131568 -0.856342 -0.499368
vn -0.191705 -0.658649 -0.727620
vn -0.237244 -0.364527 -0.900464
vn -0.237244 -0.364527 -0.900464
vn -0.191705 -0.658649 -0.727620
vn -0.237244 -0.364527 -0.900464
vn -0.254775 0.000000 -0.967000
vn -0.254775 0.000000 -0.967000
vn -0.237244 -0.364527 -0.900464
vn -0.254775 0.000000 -0.967000
vn -0.237244 0.364527 -0.900464
vn -0.237244 0.364527 -0.900464
vn -0.254775 0.000000 -0.967000
vn -0.237244 0.364527 -0.900464
vn -0.191705 0.658649 -0.727620
vn -0.191705 0.658649 -0.727620
vn -0.237244 0.364527 -0.900464
vn -0.191705 0.658649 -0.727620
vn -0.131568 0.856342 -0.499367
vn -0.131568 0.856342 -0.499367
vn -0.191705 0.658649 -0.727620
vn -0.131568 0.856342 -0.499367
vn -0.066340 0.965505 -0.251793
vn -0.066340 0.965505 -0.251793
vn -0.131568 0.856342 -0.499367
vn -0.066340 0.965505 -0.251793
vn 0.000000 1.000000 0.000000
vn 0.000000 1.000000 0.000000
vn -0.066340 0.965505 -0.251793
vn 0.000000 1.000000 0.000000
vn 0.066340 0.965505 0.251793
vn 0.066340 0.965505 0.251793
vn 0.000000 1.000000 0.000000
vn 0.066340 0.965505 0.251793
vn 0.131568 0.856342 0.499367
vn 0.131568 0.856342 0.499367
vn 0.066340 0.965505 0.251793
vn 0.131568 0.856342 0.499367
vn 0.191705 0.658649 0.727620
vn 0.191705 0.658649 0.727620
vn 0.131568 0.856342 0.499367
vn 0.191705 0.658649 0.727620
vn 0.237244 0.364527 0.900464
vn 0.237244 0.364527 0.900464
vn 0.191705 0.658649 0.727620
vn 0.237244 0.364527 0.900464
vn 0.254775 0.000002 0.967000
vn 0.254775 0.000002 0.967000
vn 0.237244 0.364527 0.900464
vn 0.254775 0.000002 0.967000
vn 0.237245 -0.364526 0.900464
vn 0.237245 -0.364526 0.900464
vn 0.254775 0.000002 0.967000
vn 0.938642 0.000000 -0.344893
vn 0.938642 0.000000 -0.344893
vn 0.938642 0.000000 -0.344893
vn 0.938642 0.000000 -0.344893
vn 0.527681 0.000000 0.849443
vn 0.543034 0.000000 0.839711
vn 0.543034 0.000000 0.839711
vn 0.527681 0.000000 0.849443
vn 0.000000 1.000000 0.000000
vn 0.000000 1.000000 0.000000
vn 0.000000 1.000000 0.000000
vn 0.000000 1.000000 0.000000
vn -0.361828 0.000000 -0.932245
vn -0.361828 0.000000 -0.932245
vn -0.346052 0.000000 -0.938215
vn -0.346052 0.000000 -0.938215
vn 0.000000 -1.000000 0.000000
vn 0.000000 -1.000000 0.000000
vn 0.000000 -1.000000 0.000000
vn 0.000000 -1.000000 0.000000
vn -0.690132 0.000000 0.723684
vn -0.434425 0.000000 0.900708
vn -0.434425 0.000000 0.900708
vn -0.690132 0.000000 0.723684
vn 0.000000 1.000000 0.000000
vn 0.000000 1.000000 0.000000
vn 0.000000 1.000000 0.000000
vn 0.000000 1.000000 0.000000
vn -0.986346 0.000000 0.164685
vn -0.986346 0.000000 0.164685
vn -1.000000 0.000000 0.000103
vn -1.000000 0.000000 0.000103
vn 0.000000 -1.000000 0.000000
vn 0.000000 -1.000000 0.000000
vn 0.000000 -1.000000 0.000000
vn 0.000000 -1.000000 0.000000
vn -0.434425 0.000000 0.900708
vn 0.527681 0.000000 0.849443
vn 0.527681 0.000000 0.849443
vn -0.434425 0.000000 0.900708
vn 0.000000 1.000000 0.000000
vn 0.000000 1.000000 0.000000
vn 0.000000 1.000000 0.000000
vn 0.000000 1.000000 0.000000
vn -1.000000 0.000000 0.000103
vn -1.000000 0.000000 0.000103
vn -0.361828 0.000000 -0.932245
vn -0.361828 0.000000 -0.932245
vn 0.000000 -1.000000 0.000000
vn 0.000000 -1.000000 0.000000
vn 0.000000 -1.000000 0.000000
vn 0.000000 -1.000000 0.000000
vn -0.938642 0.000000 0.344893
vn -0.938642 0.000000 0.344893
vn -0.938642 0.000000 0.344893
vn -0.938642 0.000000 0.344893
vn -0.303188 -0.913491 0.271315
vn -0.556682 -0.652224 0.514498
vn -0.755685 -0.654762 -0.015067
vn -0.360295 -0.932790 -0.009459
vn -0.556682 -0.652224 0.514498
vn -0.722141 -0.283607 0.630935
vn -0.958360 -0.285527 -0.004425
vn -0.755685 -0.654762 -0.015067
vn -0.755685 -0.654762 -0.015067
vn -0.958360 -0.285527 -0.004425
vn -0.812920 -0.253551 -0.524283
vn -0.657079 -0.600717 -0.455396
vn -0.360295 -0.932790 -0.009459
vn -0.755685 -0.654762 -0.015067
vn -0.657079 -0.600717 -0.455396
vn -0.379754 -0.885573 -0.267482
vn -0.722141 -0.283607 0.630935
vn -0.556682 -0.652224 0.514498
vn -0.197294 -0.640758 0.741960
vn -0.292848 -0.258570 0.920533
vn -0.556682 -0.652224 0.514498
vn -0.303188 -0.913491 0.271315
vn -0.087410 -0.939826 0.330284
vn -0.197294 -0.640758 0.741960
vn -0.197294 -0.640758 0.741960
vn -0.087410 -0.939826 0.330284
vn -0.003975 -0.956507 0.291681
vn -0.046780 -0.691908 0.720469
vn -0.292848 -0.258570 0.920533
vn -0.197294 -0.640758 0.741960
vn -0.046780 -0.691908 0.720469
vn -0.098556 -0.276421 0.955970
vn -0.098556 -0.276421 0.955970
vn -0.046780 -0.691908 0.720469
vn 0.021775 -0.739991 0.672264
vn 0.001958 -0.305686 0.952130
vn -0.046780 -0.691908 0.720469
vn -0.003975 -0.956507 0.291681
vn 0.022138 -0.968153 0.249378
vn 0.021775 -0.739991 0.672264
vn 0.021775 -0.739991 0.672264
vn 0.022138 -0.968153 0.249378
vn 0.037856 -0.974727 0.220168
vn 0.079484 -0.771479 0.631270
vn 0.001958 -0.305686 0.952130
vn 0.021775 -0.739991 0.672264
vn 0.079484 -0.771479 0.631270
vn 0.097803 -0.327480 0.939783
vn 0.097803 -0.327480 0.939783
vn 0.079484 -0.771479 0.631270
vn 0.124006 -0.790940 0.599197
vn 0.178555 -0.341940 0.922602
vn 0.079484 -0.771479 0.631270
vn 0.037856 -0.974727 0.220168
vn 0.047304 -0.978414 0.201166
vn 0.124006 -0.790940 0.599197
vn 0.124006 -0.790940 0.599197
vn 0.047304 -0.978414 0.201166
vn 0.053075 -0.980133 0.191107
vn 0.152896 -0.800688 0.579243
vn 0.178555 -0.341940 0.922602
vn 0.124006 -0.790940 0.599197
vn 0.152896 -0.800688 0.579243
vn 0.233581 -0.349726 0.907266
vn 0.233581 -0.349726 0.907266
vn 0.152896 -0.800688 0.579243
vn 0.172720 -0.803318 0.569954
vn 0.270788 -0.351628 0.896120
vn 0.152896 -0.800688 0.579243
vn 0.053075 -0.980133 0.191107
vn 0.057122 -0.980634 0.187332
vn 0.172720 -0.803318 0.569954
vn 0.172720 -0.803318 0.569954
vn 0.057122 -0.980634 0.187332
vn 0.060220 -0.980218 0.188538
vn 0.186555 -0.800422 0.569669
vn 0.270788 -0.351628 0.896120
vn 0.172720 -0.803318 0.569954
vn 0.186555 -0.800422 0.569669
vn 0.294615 -0.348853 0.889665
vn -0.722141 0.283606 0.630935
vn -0.556683 0.652223 0.514499
vn -0.755688 0.654758 -0.015069
vn -0.958361 0.285526 -0.004427
vn -0.556683 0.652223 0.514499
vn -0.303188 0.913490 0.271316
vn -0.360295 0.932791 -0.009459
vn -0.755688 0.654758 -0.015069
vn -0.755688 0.654758 -0.015069
vn -0.360295 0.932791 -0.009459
vn -0.379753 0.885574 -0.267482
vn -0.657080 0.600715 -0.455398
vn -0.958361 0.285526 -0.004427
vn -0.755688 0.654758 -0.015069
vn -0.657080 0.600715 -0.455398
vn -0.812920 0.253550 -0.524284
vn -0.303188 0.913490 0.271316
vn -0.556683 0.652223 0.514499
vn -0.197293 0.640758 0.741960
vn -0.087409 0.939826 0.330284
vn -0.556683 0.652223 0.514499
vn -0.722141 0.283606 0.630935
vn -0.292847 0.258570 0.920534
vn -0.197293 0.640758 0.741960
vn -0.197293 0.640758 0.741960
vn -0.292847 0.258570 0.920534
vn -0.098556 0.276422 0.955970
vn -0.046780 0.691908 0.720468
vn -0.087409 0.939826 0.330284
vn -0.197293 0.640758 0.741960
vn -0.046780 0.691908 0.720468
vn -0.003975 0.956507 0.291681
vn -0.003975 0.956507 0.291681
vn -0.046780 0.691908 0.720468
vn 0.021775 0.739991 0.672264
vn 0.022138 0.968153 0.249378
vn -0.046780 0.691908 0.720468
vn -0.098556 0.276422 0.955970
vn 0.001958 0.305686 0.952130
vn 0.021775 0.739991 0.672264
vn 0.021775 0.739991 0.672264
vn 0.001958 0.305686 0.952130
vn 0.097803 0.327480 0.939783
vn 0.079484 0.771479 0.631271
vn 0.022138 0.968153 0.249378
vn 0.021775 0.739991 0.672264
vn 0.079484 0.771479 0.631271
vn 0.037856 0.974727 0.220168
vn 0.037856 0.974727 0.220168
vn 0.079484 0.771479 0.631271
vn 0.124006 0.790940 0.599197
vn 0.047304 0.978414 0.201166
vn 0.079484 0.771479 0.631271
vn 0.097803 0.327480 0.939783
vn 0.178555 0.341940 0.922602
vn 0.124006 0.790940 0.599197
vn 0.124006 0.790940 0.599197
vn 0.178555 0.341940 0.922602
vn 0.233581 0.349726 0.907266
vn 0.152896 0.800687 0.579243
vn 0.047304 0.978414 0.201166
vn 0.124006 0.790940 0.599197
vn 0.152896 0.800687 0.579243
vn 0.053075 0.980133 0.191108
vn 0.053075 0.980133 0.191108
vn 0.152896 0.800687 0.579243
vn 0.172721 0.803318 0.569955
vn 0.057122 0.980634 0.187332
vn 0.152896 0.800687 0.579243
vn 0.233581 0.349726 0.907266
vn 0.270789 0.351628 0.896120
vn 0.172721 0.803318 0.569955
vn 0.172721 0.803318 0.569955
vn 0.270789 0.351628 0.896120
vn 0.294615 0.348853 0.889665
vn 0.186556 0.800421 0.569669
vn 0.057122 0.980634 0.187332
vn 0.172721 0.803318 0.569955
vn 0.186556 0.800421 0.569669
vn 0.060220 0.980218 0.188538
vn -0.812920 0.253550 -0.524284
vn -0.657080 0.600715 -0.455398
vn -0.454087 0.610523 -0.648897
vn -0.583665 0.240611 -0.775527
vn -0.657080 0.600715 -0.455398
vn -0.379753 0.885574 -0.267482
vn -0.212283 0.928925 -0.303371
vn -0.454087 0.610523 -0.648897
vn -0.454087 0.610523 -0.648897
vn -0.212283 0.928925 -0.303371
vn -0.134821 0.952078 -0.274536
vn -0.347700 0.675256 -0.650487
vn -0.583665 0.240611 -0.775527
vn -0.454087 0.610523 -0.648897
vn -0.347700 0.675256 -0.650487
vn -0.476203 0.266325 -0.838034
vn -0.476203 0.266325 -0.838034
vn -0.347700 0.675256 -0.650487
vn -0.294697 0.726733 -0.620494
vn -0.427613 0.296061 -0.854105
vn -0.347700 0.675256 -0.650487
vn -0.134821 0.952078 -0.274536
vn -0.101747 0.965838 -0.238338
vn -0.294697 0.726733 -0.620494
vn -0.294697 0.726733 -0.620494
vn -0.101747 0.965838 -0.238338
vn -0.083365 0.973488 -0.213005
vn -0.254954 0.761814 -0.595515
vn -0.427613 0.296061 -0.854105
vn -0.294697 0.726733 -0.620494
vn -0.254954 0.761814 -0.595515
vn -0.385895 0.318947 -0.865655
vn -0.385895 0.318947 -0.865655
vn -0.254954 0.761814 -0.595515
vn -0.223193 0.784499 -0.578573
vn -0.347029 0.335547 -0.875773
vn -0.254954 0.761814 -0.595515
vn -0.083365 0.973488 -0.213005
vn -0.071925 0.977697 -0.197323
vn -0.223193 0.784499 -0.578573
vn -0.223193 0.784499 -0.578573
vn -0.071925 0.977697 -0.197323
vn -0.063776 0.979794 -0.189570
vn -0.196883 0.797395 -0.570438
vn -0.347029 0.335547 -0.875773
vn -0.223193 0.784499 -0.578573
vn -0.196883 0.797395 -0.570438
vn -0.309762 0.346204 -0.885545
vn -0.309762 0.346204 -0.885545
vn -0.196883 0.797395 -0.570438
vn -0.173167 0.802939 -0.570353
vn -0.271796 0.351323 -0.895935
vn -0.196883 0.797395 -0.570438
vn -0.063776 0.979794 -0.189570
vn -0.057304 0.980577 -0.187577
vn -0.173167 0.802939 -0.570353
vn -0.173167 0.802939 -0.570353
vn -0.057304 0.980577 -0.187577
vn -0.051382 0.980361 -0.190401
vn -0.149426 0.802462 -0.577691
vn -0.271796 0.351323 -0.895935
vn -0.173167 0.802939 -0.570353
vn -0.149426 0.802462 -0.577691
vn -0.230636 0.351429 -0.907361
vn -0.379754 -0.885573 -0.267482
vn -0.657079 -0.600717 -0.455396
vn -0.454087 -0.610523 -0.648897
vn -0.212283 -0.928925 -0.303371
vn -0.657079 -0.600717 -0.455396
vn -0.812920 -0.253551 -0.524283
vn -0.583665 -0.240611 -0.775527
vn -0.454087 -0.610523 -0.648897
vn -0.454087 -0.610523 -0.648897
vn -0.583665 -0.240611 -0.775527
vn -0.476203 -0.266325 -0.838034
vn -0.347700 -0.675256 -0.650487
vn -0.212283 -0.928925 -0.303371
vn -0.454087 -0.610523 -0.648897
vn -0.347700 -0.675256 -0.650487
vn -0.134821 -0.952078 -0.274536
vn -0.134821 -0.952078 -0.274536
vn -0.347700 -0.675256 -0.650487
vn -0.294697 -0.726733 -0.620494
vn -0.101747 -0.965838 -0.238337
vn -0.347700 -0.675256 -0.650487
vn -0.476203 -0.266325 -0.838034
vn -0.427613 -0.296061 -0.854105
vn -0.294697 -0.726733 -0.620494
vn -0.294697 -0.726733 -0.620494
vn -0.427613 -0.296061 -0.854105
vn -0.385895 -0.318947 -0.865655
vn -0.254955 -0.761814 -0.595515
vn -0.101747 -0.965838 -0.238337
vn -0.294697 -0.726733 -0.620494
vn -0.254955 -0.761814 -0.595515
vn -0.083365 -0.973488 -0.213005
vn -0.083365 -0.973488 -0.213005
vn -0.254955 -0.761814 -0.595515
vn -0.223193 -0.784499 -0.578573
vn -0.071925 -0.977696 -0.197324
vn -0.254955 -0.761814 -0.595515
vn -0.385895 -0.318947 -0.865655
vn -0.347029 -0.335547 -0.875773
vn -0.223193 -0.784499 -0.578573
vn -0.223193 -0.784499 -0.578573
vn -0.347029 -0.335547 -0.875773
vn -0.309762 -0.346204 -0.885545
vn -0.196882 -0.797395 -0.570438
vn -0.071925 -0.977696 -0.197324
vn -0.223193 -0.784499 -0.578573
vn -0.196882 -0.797395 -0.570438
vn -0.063776 -0.979794 -0.189569
vn -0.063776 -0.979794 -0.189569
vn -0.196882 -0.797395 -0.570438
vn -0.173167 -0.802939 -0.570353
vn -0.057304 -0.980577 -0.187577
vn -0.196882 -0.797395 -0.570438
vn -0.309762 -0.346204 -0.885545
vn -0.271797 -0.351323 -0.895935
vn -0.173167 -0.802939 -0.570353
vn -0.173167 -0.802939 -0.570353
vn -0.271797 -0.351323 -0.895935
vn -0.230636 -0.351429 -0.907361
vn -0.149426 -0.802462 -0.577691
vn -0.057304 -0.980577 -0.187577
vn -0.173167 -0.802939 -0.570353
vn -0.149426 -0.802462 -0.577691
vn -0.051382 -0.980361 -0.190401
vn -0.230636 0.351429 -0.907361
vn -0.149426 0.802462 -0.577691
vn -0.123158 0.797261 -0.590937
vn -0.184614 0.347424 -0.919355
vn -0.149426 0.802462 -0.577691
vn -0.051382 0.980361 -0.190401
vn -0.044659 0.979371 -0.197074
vn -0.123158 0.797261 -0.590937
vn -0.123158 0.797261 -0.590937
vn -0.044659 0.979371 -0.197074
vn -0.036638 0.977603 -0.207244
vn -0.094646 0.787874 -0.608520
vn -0.184614 0.347424 -0.919355
vn -0.123158 0.797261 -0.590937
vn -0.094646 0.787874 -0.608520
vn -0.136301 0.340173 -0.930432
vn -0.136301 0.340173 -0.930432
vn -0.094646 0.787874 -0.608520
vn -0.065332 0.775551 -0.627895
vn -0.089447 0.331084 -0.939352
vn -0.094646 0.787874 -0.608520
vn -0.036638 0.977603 -0.207244
vn -0.027368 0.975157 -0.219816
vn -0.065332 0.775551 -0.627895
vn -0.065332 0.775551 -0.627895
vn -0.027368 0.975157 -0.219816
vn -0.017180 0.972301 -0.233099
vn -0.037021 0.762248 -0.646226
vn -0.089447 0.331084 -0.939352
vn -0.065332 0.775551 -0.627895
vn -0.037021 0.762248 -0.646226
vn -0.047381 0.321868 -0.945598
vn -0.051382 -0.980361 -0.190401
vn -0.149426 -0.802462 -0.577691
vn -0.123158 -0.797261 -0.590937
vn -0.044659 -0.979371 -0.197074
vn -0.149426 -0.802462 -0.577691
vn -0.230636 -0.351429 -0.907361
vn -0.184614 -0.347424 -0.919355
vn -0.123158 -0.797261 -0.590937
vn -0.123158 -0.797261 -0.590937
vn -0.184614 -0.347424 -0.919355
vn -0.136302 -0.340173 -0.930432
vn -0.094646 -0.787874 -0.608520
vn -0.044659 -0.979371 -0.197074
vn -0.123158 -0.797261 -0.590937
vn -0.094646 -0.787874 -0.608520
vn -0.036639 -0.977603 -0.207245
vn -0.036639 -0.977603 -0.207245
vn -0.094646 -0.787874 -0.608520
vn -0.065332 -0.775551 -0.627895
vn -0.027368 -0.975157 -0.219816
vn -0.094646 -0.787874 -0.608520
vn -0.136302 -0.340173 -0.930432
vn -0.089448 -0.331084 -0.939352
vn -0.065332 -0.775551 -0.627895
vn -0.065332 -0.775551 -0.627895
vn -0.089448 -0.331084 -0.939352
vn -0.047381 -0.321868 -0.945598
vn -0.037021 -0.762248 -0.646226
vn -0.027368 -0.975157 -0.219816
vn -0.065332 -0.775551 -0.627895
vn -0.037021 -0.762248 -0.646226
vn -0.017180 -0.972301 -0.233099
vn 0.294615 -0.348853 0.889665
vn 0.186555 -0.800422 0.569669
vn 0.190552 -0.793814 0.577538
vn 0.299993 -0.343368 0.890001
vn 0.186555 -0.800422 0.569669
vn 0.060220 -0.980218 0.188538
vn 0.060868 -0.979079 0.194162
vn 0.190552 -0.793814 0.577538
vn 0.190552 -0.793814 0.577538
vn 0.060868 -0.979079 0.194162
vn 0.057220 -0.977421 0.203404
vn 0.179189 -0.785129 0.592844
vn 0.299993 -0.343368 0.890001
vn 0.190552 -0.793814 0.577538
vn 0.179189 -0.785129 0.592844
vn 0.279780 -0.336806 0.899047
vn 0.279780 -0.336806 0.899047
vn 0.179189 -0.785129 0.592844
vn 0.152252 -0.775151 0.613156
vn 0.235178 -0.329808 0.914286
vn 0.179189 -0.785129 0.592844
vn 0.057220 -0.977421 0.203404
vn 0.048904 -0.975335 0.215245
vn 0.152252 -0.775151 0.613156
vn 0.152252 -0.775151 0.613156
vn 0.048904 -0.975335 0.215245
vn 0.035951 -0.972981 0.228069
vn 0.111056 -0.764718 0.634722
vn 0.235178 -0.329808 0.914286
vn 0.152252 -0.775151 0.613156
vn 0.111056 -0.764718 0.634722
vn 0.169659 -0.322872 0.931112
vn 0.060220 0.980218 0.188538
vn 0.186556 0.800421 0.569669
vn 0.190552 0.793814 0.577538
vn 0.060868 0.979079 0.194163
vn 0.186556 0.800421 0.569669
vn 0.294615 0.348853 0.889665
vn 0.299993 0.343369 0.890001
vn 0.190552 0.793814 0.577538
vn 0.190552 0.793814 0.577538
vn 0.299993 0.343369 0.890001
vn 0.279780 0.336806 0.899047
vn 0.179189 0.785129 0.592844
vn 0.060868 0.979079 0.194163
vn 0.190552 0.793814 0.577538
vn 0.179189 0.785129 0.592844
vn 0.057220 0.977421 0.203404
vn 0.057220 0.977421 0.203404
vn 0.179189 0.785129 0.592844
vn 0.152252 0.775151 0.613156
vn 0.048904 0.975335 0.215245
vn 0.179189 0.785129 0.592844
vn 0.279780 0.336806 0.899047
vn 0.235178 0.329807 0.914286
vn 0.152252 0.775151 0.613156
vn 0.152252 0.775151 0.613156
vn 0.235178 0.329807 0.914286
vn 0.169659 0.322873 0.931112
vn 0.111057 0.764718 0.634722
vn 0.048904 0.975335 0.215245
vn 0.152252 0.775151 0.613156
vn 0.111057 0.764718 0.634722
vn 0.035951 0.972981 0.228069
vn -0.047381 0.321868 -0.945598
vn -0.037021 0.762248 -0.646226
vn -0.011686 0.750113 -0.661206
vn -0.011814 0.313984 -0.949355
vn -0.037021 0.762248 -0.646226
vn -0.017180 0.972301 -0.233099
vn -0.007205 0.969488 -0.245032
vn -0.011686 0.750113 -0.661206
vn -0.011686 0.750113 -0.661206
vn -0.007205 0.969488 -0.245032
vn 0.002240 0.966982 -0.254835
vn 0.011304 0.740108 -0.672393
vn -0.011814 0.313984 -0.949355
vn -0.011686 0.750113 -0.661206
vn 0.011304 0.740108 -0.672393
vn 0.019481 0.307826 -0.951243
vn 0.019481 0.307826 -0.951243
vn 0.011304 0.740108 -0.672393
vn 0.033546 0.732656 -0.679772
vn 0.049176 0.303417 -0.951588
vn 0.011304 0.740108 -0.672393
vn 0.002240 0.966982 -0.254835
vn 0.011662 0.965000 -0.261990
vn 0.033546 0.732656 -0.679772
vn 0.033546 0.732656 -0.679772
vn 0.011662 0.965000 -0.261990
vn 0.021494 0.963687 -0.266169
vn 0.056448 0.727924 -0.683330
vn 0.049176 0.303417 -0.951588
vn 0.033546 0.732656 -0.679772
vn 0.056448 0.727924 -0.683330
vn 0.079543 0.300698 -0.950397
vn -0.017180 -0.972301 -0.233099
vn -0.037021 -0.762248 -0.646226
vn -0.011686 -0.750114 -0.661206
vn -0.007205 -0.969489 -0.245031
vn -0.037021 -0.762248 -0.646226
vn -0.047381 -0.321868 -0.945598
vn -0.011814 -0.313983 -0.949355
vn -0.011686 -0.750114 -0.661206
vn -0.011686 -0.750114 -0.661206
vn -0.011814 -0.313983 -0.949355
vn 0.019482 -0.307825 -0.951244
vn 0.011304 -0.740108 -0.672393
vn -0.007205 -0.969489 -0.245031
vn -0.011686 -0.750114 -0.661206
vn 0.011304 -0.740108 -0.672393
vn 0.002240 -0.966982 -0.254835
vn 0.002240 -0.966982 -0.254835
vn 0.011304 -0.740108 -0.672393
vn 0.033546 -0.732656 -0.679772
vn 0.011662 -0.965000 -0.261990
vn 0.011304 -0.740108 -0.672393
vn 0.019482 -0.307825 -0.951244
vn 0.049176 -0.303417 -0.951588
vn 0.033546 -0.732656 -0.679772
vn 0.033546 -0.732656 -0.679772
vn 0.049176 -0.303417 -0.951588
vn 0.079543 -0.300698 -0.950397
vn 0.056448 -0.727924 -0.683330
vn 0.011662 -0.965000 -0.261990
vn 0.033546 -0.732656 -0.679772
vn 0.056448 -0.727924 -0.683330
vn 0.021494 -0.963687 -0.266168
vn 0.169659 -0.322872 0.931112
vn 0.111056 -0.764718 0.634722
vn 0.067224 -0.753671 0.653805
vn 0.101880 -0.315794 0.943342
vn 0.111056 -0.764718 0.634722
vn 0.035951 -0.972981 0.228069
vn 0.021833 -0.970379 0.240599
vn 0.067224 -0.753671 0.653805
vn 0.067224 -0.753671 0.653805
vn 0.021833 -0.970379 0.240599
vn 0.008553 -0.967982 0.250873
vn 0.028124 -0.744048 0.667534
vn 0.101880 -0.315794 0.943342
vn 0.067224 -0.753671 0.653805
vn 0.028124 -0.744048 0.667534
vn 0.043413 -0.309826 0.949802
vn 0.043413 -0.309826 0.949802
vn 0.028124 -0.744048 0.667534
vn -0.008733 -0.736682 0.676183
vn -0.010167 -0.305424 0.952162
vn 0.028124 -0.744048 0.667534
vn 0.008553 -0.967982 0.250873
vn -0.004541 -0.966041 0.258351
vn -0.008733 -0.736682 0.676183
vn -0.008733 -0.736682 0.676183
vn -0.004541 -0.966041 0.258351
vn -0.017977 -0.964707 0.262710
vn -0.045461 -0.731862 0.679935
vn -0.010167 -0.305424 0.952162
vn -0.008733 -0.736682 0.676183
vn -0.045461 -0.731862 0.679935
vn -0.062589 -0.302641 0.951047
vn 0.035951 0.972981 0.228069
vn 0.111057 0.764718 0.634722
vn 0.067224 0.753672 0.653804
vn 0.021833 0.970379 0.240599
vn 0.111057 0.764718 0.634722
vn 0.169659 0.322873 0.931112
vn 0.101880 0.315795 0.943342
vn 0.067224 0.753672 0.653804
vn 0.067224 0.753672 0.653804
vn 0.101880 0.315795 0.943342
vn 0.043413 0.309827 0.949801
vn 0.028125 0.744049 0.667533
vn 0.021833 0.970379 0.240599
vn 0.067224 0.753672 0.653804
vn 0.028125 0.744049 0.667533
vn 0.008553 0.967982 0.250873
vn 0.008553 0.967982 0.250873
vn 0.028125 0.744049 0.667533
vn -0.008733 0.736682 0.676182
vn -0.004540 0.966041 0.258351
vn 0.028125 0.744049 0.667533
vn 0.043413 0.309827 0.949801
vn -0.010167 0.305425 0.952162
vn -0.008733 0.736682 0.676182
vn -0.008733 0.736682 0.676182
vn -0.010167 0.305425 0.952162
vn -0.062589 0.302643 0.951047
vn -0.045461 0.731863 0.679934
vn -0.004540 0.966041 0.258351
vn -0.008733 0.736682 0.676182
vn -0.045461 0.731863 0.679934
vn -0.017977 0.964707 0.262710
vn 0.079543 0.300698 -0.950397
vn 0.056448 0.727924 -0.683330
vn 0.080479 0.725989 -0.682981
vn 0.111464 0.299636 -0.947520
vn 0.056448 0.727924 -0.683330
vn 0.021494 0.963687 -0.266169
vn 0.031814 0.963116 -0.267199
vn 0.080479 0.725989 -0.682981
vn 0.080479 0.725989 -0.682981
vn 0.031814 0.963116 -0.267199
vn 0.042331 0.963307 -0.265043
vn 0.105234 0.726817 -0.678722
vn 0.111464 0.299636 -0.947520
vn 0.080479 0.725989 -0.682981
vn 0.105234 0.726817 -0.678722
vn 0.144661 0.300182 -0.942849
vn 0.144661 0.300182 -0.942849
vn 0.105234 0.726817 -0.678722
vn 0.131003 0.730214 -0.670541
vn 0.179861 0.302243 -0.936109
vn 0.105234 0.726817 -0.678722
vn 0.042331 0.963307 -0.265043
vn 0.053002 0.964193 -0.259852
vn 0.131003 0.730214 -0.670541
vn 0.131003 0.730214 -0.670541
vn 0.053002 0.964193 -0.259852
vn 0.063906 0.965623 -0.251967
vn 0.158262 0.735791 -0.658457
vn 0.179861 0.302243 -0.936109
vn 0.131003 0.730214 -0.670541
vn 0.158262 0.735791 -0.658457
vn 0.218026 0.305644 -0.926848
vn 0.021494 -0.963687 -0.266168
vn 0.056448 -0.727924 -0.683330
vn 0.080478 -0.725990 -0.682980
vn 0.031814 -0.963116 -0.267198
vn 0.056448 -0.727924 -0.683330
vn 0.079543 -0.300698 -0.950397
vn 0.111464 -0.299636 -0.947520
vn 0.080478 -0.725990 -0.682980
vn 0.080478 -0.725990 -0.682980
vn 0.111464 -0.299636 -0.947520
vn 0.144661 -0.300182 -0.942849
vn 0.105233 -0.726817 -0.678721
vn 0.031814 -0.963116 -0.267198
vn 0.080478 -0.725990 -0.682980
vn 0.105233 -0.726817 -0.678721
vn 0.042330 -0.963307 -0.265043
vn 0.042330 -0.963307 -0.265043
vn 0.105233 -0.726817 -0.678721
vn 0.131003 -0.730215 -0.670541
vn 0.053002 -0.964193 -0.259852
vn 0.105233 -0.726817 -0.678721
vn 0.144661 -0.300182 -0.942849
vn 0.179862 -0.302244 -0.936108
vn 0.131003 -0.730215 -0.670541
vn 0.131003 -0.730215 -0.670541
vn 0.179862 -0.302244 -0.936108
vn 0.218027 -0.305645 -0.926847
vn 0.158262 -0.735791 -0.658456
vn 0.053002 -0.964193 -0.259852
vn 0.131003 -0.730215 -0.670541
vn 0.158262 -0.735791 -0.658456
vn 0.063906 -0.965623 -0.251967
vn -0.062589 -0.302641 0.951047
vn -0.045461 -0.731862 0.679935
vn -0.083671 -0.729525 0.678817
vn -0.116792 -0.301331 0.946340
vn -0.045461 -0.731862 0.679935
vn -0.017977 -0.964707 0.262710
vn -0.032083 -0.964046 0.263792
vn -0.083671 -0.729525 0.678817
vn -0.083671 -0.729525 0.678817
vn -0.032083 -0.964046 0.263792
vn -0.046716 -0.964043 0.261607
vn -0.123672 -0.729475 0.672734
vn -0.116792 -0.301331 0.946340
vn -0.083671 -0.729525 0.678817
vn -0.123672 -0.729475 0.672734
vn -0.173770 -0.301332 0.937552
vn -0.173770 -0.301332 0.937552
vn -0.123672 -0.729475 0.672734
vn -0.165788 -0.731356 0.661538
vn -0.234384 -0.302417 0.923909
vn -0.123672 -0.729475 0.672734
vn -0.046716 -0.964043 0.261607
vn -0.061803 -0.964613 0.256324
vn -0.165788 -0.731356 0.661538
vn -0.165788 -0.731356 0.661538
vn -0.061803 -0.964613 0.256324
vn -0.077424 -0.965576 0.248330
vn -0.210582 -0.734497 0.645112
vn -0.234384 -0.302417 0.923909
vn -0.165788 -0.731356 0.661538
vn -0.210582 -0.734497 0.645112
vn -0.299643 -0.304164 0.904267
vn -0.017977 0.964707 0.262710
vn -0.045461 0.731863 0.679934
vn -0.083671 0.729526 0.678816
vn -0.032083 0.964046 0.263792
vn -0.045461 0.731863 0.679934
vn -0.062589 0.302643 0.951047
vn -0.116792 0.301332 0.946340
vn -0.083671 0.729526 0.678816
vn -0.083671 0.729526 0.678816
vn -0.116792 0.301332 0.946340
vn -0.173770 0.301332 0.937552
vn -0.123672 0.729475 0.672734
vn -0.032083 0.964046 0.263792
vn -0.083671 0.729526 0.678816
vn -0.123672 0.729475 0.672734
vn -0.046716 0.964043 0.261607
vn -0.046716 0.964043 0.261607
vn -0.123672 0.729475 0.672734
vn -0.165789 0.731356 0.661538
vn -0.061803 0.964613 0.256324
vn -0.123672 0.729475 0.672734
vn -0.173770 0.301332 0.937552
vn -0.234384 0.302417 0.923909
vn -0.165789 0.731356 0.661538
vn -0.165789 0.731356 0.661538
vn -0.234384 0.302417 0.923909
vn -0.299643 0.304164 0.904267
vn -0.210582 0.734497 0.645112
vn -0.061803 0.964613 0.256324
vn -0.165789 0.731356 0.661538
vn -0.210582 0.734497 0.645112
vn -0.077424 0.965576 0.248330
vn 0.218026 0.305644 -0.926848
vn 0.158262 0.735791 -0.658457
vn 0.183399 0.743792 -0.642758
vn 0.254794 0.310518 -0.915783
vn 0.158262 0.735791 -0.658457
vn 0.063906 0.965623 -0.251967
vn 0.073110 0.967673 -0.241380
vn 0.183399 0.743792 -0.642758
vn 0.183399 0.743792 -0.642758
vn 0.073110 0.967673 -0.241380
vn 0.079162 0.969979 -0.229942
vn 0.202411 0.753266 -0.625796
vn 0.254794 0.310518 -0.915783
vn 0.183399 0.743792 -0.642758
vn 0.202411 0.753266 -0.625796
vn 0.284758 0.316456 -0.904858
vn 0.284758 0.316456 -0.904858
vn 0.202411 0.753266 -0.625796
vn 0.217623 0.761688 -0.610305
vn 0.310088 0.322501 -0.894337
vn 0.202411 0.753266 -0.625796
vn 0.079162 0.969979 -0.229942
vn 0.083924 0.971621 -0.221154
vn 0.217623 0.761688 -0.610305
vn 0.217623 0.761688 -0.610305
vn 0.083924 0.971621 -0.221154
vn 0.085586 0.973418 -0.212445
vn 0.226285 0.771094 -0.595154
vn 0.310088 0.322501 -0.894337
vn 0.217623 0.761688 -0.610305
vn 0.226285 0.771094 -0.595154
vn 0.327680 0.329442 -0.885491
vn 0.063906 -0.965623 -0.251967
vn 0.158262 -0.735791 -0.658456
vn 0.183399 -0.743792 -0.642758
vn 0.073110 -0.967673 -0.241380
vn 0.158262 -0.735791 -0.658456
vn 0.218027 -0.305645 -0.926847
vn 0.254794 -0.310518 -0.915783
vn 0.183399 -0.743792 -0.642758
vn 0.183399 -0.743792 -0.642758
vn 0.254794 -0.310518 -0.915783
vn 0.284759 -0.316456 -0.904858
vn 0.202411 -0.753266 -0.625796
vn 0.073110 -0.967673 -0.241380
vn 0.183399 -0.743792 -0.642758
vn 0.202411 -0.753266 -0.625796
vn 0.079162 -0.969979 -0.229942
vn 0.079162 -0.969979 -0.229942
vn 0.202411 -0.753266 -0.625796
vn 0.217623 -0.761688 -0.610305
vn 0.083924 -0.971621 -0.221154
vn 0.202411 -0.753266 -0.625796
vn 0.284759 -0.316456 -0.904858
vn 0.310088 -0.322501 -0.894337
vn 0.217623 -0.761688 -0.610305
vn 0.217623 -0.761688 -0.610305
vn 0.310088 -0.322501 -0.894337
vn 0.327680 -0.329442 -0.885491
vn 0.226285 -0.771094 -0.595154
vn 0.083924 -0.971621 -0.221154
vn 0.217623 -0.761688 -0.610305
vn 0.226285 -0.771094 -0.595154
vn 0.085586 -0.973418 -0.212445
vn -0.299643 -0.304164 0.904267
vn -0.210582 -0.734497 0.645112
vn -0.251765 -0.737822 0.626285
vn -0.360373 -0.306033 0.881178
vn -0.210582 -0.734497 0.645112
vn -0.077424 -0.965576 0.248330
vn -0.091728 -0.966573 0.239420
vn -0.251765 -0.737822 0.626285
vn -0.251765 -0.737822 0.626285
vn -0.091728 -0.966573 0.239420
vn -0.101836 -0.967891 0.229819
vn -0.282575 -0.742490 0.607338
vn -0.360373 -0.306033 0.881178
vn -0.251765 -0.737822 0.626285
vn -0.282575 -0.742490 0.607338
vn -0.407441 -0.308759 0.859453
vn -0.407441 -0.308759 0.859453
vn -0.282575 -0.742490 0.607338
vn -0.304321 -0.750622 0.586477
vn -0.444520 -0.313156 0.839247
vn -0.282575 -0.742490 0.607338
vn -0.101836 -0.967891 0.229819
vn -0.106992 -0.970322 0.216859
vn -0.304321 -0.750622 0.586477
vn -0.304321 -0.750622 0.586477
vn -0.106992 -0.970322 0.216859
vn -0.107450 -0.973151 0.203546
vn -0.314789 -0.761201 0.566993
vn -0.444520 -0.313156 0.839247
vn -0.304321 -0.750622 0.586477
vn -0.314789 -0.761201 0.566993
vn -0.467825 -0.319257 0.824145
vn -0.077424 0.965576 0.248330
vn -0.210582 0.734497 0.645112
vn -0.251765 0.737822 0.626285
vn -0.091728 0.966573 0.239420
vn -0.210582 0.734497 0.645112
vn -0.299643 0.304164 0.904267
vn -0.360373 0.306033 0.881178
vn -0.251765 0.737822 0.626285
vn -0.251765 0.737822 0.626285
vn -0.360373 0.306033 0.881178
vn -0.407441 0.308759 0.859453
vn -0.282575 0.742490 0.607338
vn -0.091728 0.966573 0.239420
vn -0.251765 0.737822 0.626285
vn -0.282575 0.742490 0.607338
vn -0.101836 0.967891 0.229819
vn -0.101836 0.967891 0.229819
vn -0.282575 0.742490 0.607338
vn -0.304321 0.750622 0.586477
vn -0.106992 0.970322 0.216859
vn -0.282575 0.742490 0.607338
vn -0.407441 0.308759 0.859453
vn -0.444520 0.313156 0.839247
vn -0.304321 0.750622 0.586477
vn -0.304321 0.750622 0.586477
vn -0.444520 0.313156 0.839247
vn -0.467825 0.319257 0.824145
vn -0.314789 0.761201 0.566993
vn -0.106992 0.970322 0.216859
vn -0.304321 0.750622 0.586477
vn -0.314789 0.761201 0.566993
vn -0.107451 0.973151 0.203546
vn 0.327680 0.329442 -0.885491
vn 0.226285 0.771094 -0.595154
vn 0.226481 0.783510 -0.578635
vn 0.335364 0.338023 -0.879359
vn 0.226285 0.771094 -0.595154
vn 0.085586 0.973418 -0.212445
vn 0.083051 0.976087 -0.200889
vn 0.226481 0.783510 -0.578635
vn 0.226481 0.783510 -0.578635
vn 0.083051 0.976087 -0.200889
vn 0.068326 0.984359 -0.162386
vn 0.210627 0.820424 -0.531546
vn 0.335364 0.338023 -0.879359
vn 0.226481 0.783510 -0.578635
vn 0.210627 0.820424 -0.531546
vn 0.335175 0.360684 -0.870382
vn 0.085586 -0.973418 -0.212445
vn 0.226285 -0.771094 -0.595154
vn 0.226481 -0.783510 -0.578634
vn 0.083051 -0.976087 -0.200889
vn 0.226285 -0.771094 -0.595154
vn 0.327680 -0.329442 -0.885491
vn 0.335364 -0.338023 -0.879359
vn 0.226481 -0.783510 -0.578634
vn 0.226481 -0.783510 -0.578634
vn 0.335364 -0.338023 -0.879359
vn 0.335175 -0.360684 -0.870382
vn 0.210627 -0.820424 -0.531546
vn 0.083051 -0.976087 -0.200889
vn 0.226481 -0.783510 -0.578634
vn 0.210627 -0.820424 -0.531546
vn 0.068326 -0.984359 -0.162386
vn -0.467825 -0.319257 0.824145
vn -0.314789 -0.761201 0.566993
vn -0.315487 -0.772201 0.551519
vn -0.477341 -0.326787 0.815694
vn -0.314789 -0.761201 0.566993
vn -0.107450 -0.973151 0.203546
vn -0.105174 -0.975475 0.193360
vn -0.315487 -0.772201 0.551519
vn -0.315487 -0.772201 0.551519
vn -0.105174 -0.975475 0.193360
vn -0.129508 -0.963697 0.233487
vn -0.346740 -0.722777 0.597801
vn -0.477341 -0.326787 0.815694
vn -0.315487 -0.772201 0.551519
vn -0.346740 -0.722777 0.597801
vn -0.485025 -0.301757 0.820788
vn -0.107451 0.973151 0.203546
vn -0.314789 0.761201 0.566993
vn -0.315487 0.772201 0.551519
vn -0.105174 0.975475 0.193360
vn -0.314789 0.761201 0.566993
vn -0.467825 0.319257 0.824145
vn -0.477341 0.326787 0.815694
vn -0.315487 0.772201 0.551519
vn -0.315487 0.772201 0.551519
vn -0.477341 0.326787 0.815694
vn -0.485025 0.301757 0.820788
vn -0.346740 0.722777 0.597801
vn -0.105174 0.975475 0.193360
vn -0.315487 0.772201 0.551519
vn -0.346740 0.722777 0.597801
vn -0.129508 0.963697 0.233487
vn -0.722141 -0.283607 0.630935
vn -0.292848 -0.258570 0.920533
vn -0.313351 0.000000 0.949637
vn -0.755940 0.000000 0.654641
vn -0.292848 -0.258570 0.920533
vn -0.098556 -0.276421 0.955970
vn -0.112399 0.000000 0.993663
vn -0.313351 0.000000 0.949637
vn -0.313351 0.000000 0.949637
vn -0.112399 0.000000 0.993663
vn -0.098556 0.276422 0.955970
vn -0.292847 0.258570 0.920534
vn -0.755940 0.000000 0.654641
vn -0.313351 0.000000 0.949637
vn -0.292847 0.258570 0.920534
vn -0.722141 0.283606 0.630935
vn -0.098556 -0.276421 0.955970
vn 0.001958 -0.305686 0.952130
vn -0.005459 0.000000 0.999985
vn -0.112399 0.000000 0.993663
vn 0.001958 -0.305686 0.952130
vn 0.097803 -0.327480 0.939783
vn 0.098337 -0.000000 0.995153
vn -0.005459 0.000000 0.999985
vn -0.005459 0.000000 0.999985
vn 0.098337 -0.000000 0.995153
vn 0.097803 0.327480 0.939783
vn 0.001958 0.305686 0.952130
vn -0.112399 0.000000 0.993663
vn -0.005459 0.000000 0.999985
vn 0.001958 0.305686 0.952130
vn -0.098556 0.276422 0.955970
vn -0.303188 0.913490 0.271316
vn -0.087409 0.939826 0.330284
vn -0.094795 0.995491 0.003436
vn -0.360295 0.932791 -0.009459
vn -0.087409 0.939826 0.330284
vn -0.003975 0.956507 0.291681
vn -0.026031 0.999658 0.002704
vn -0.094795 0.995491 0.003436
vn -0.094795 0.995491 0.003436
vn -0.026031 0.999658 0.002704
vn -0.134821 0.952078 -0.274536
vn -0.212283 0.928925 -0.303371
vn -0.360295 0.932791 -0.009459
vn -0.094795 0.995491 0.003436
vn -0.212283 0.928925 -0.303371
vn -0.379753 0.885574 -0.267482
vn -0.003975 0.956507 0.291681
vn 0.022138 0.968153 0.249378
vn -0.009968 0.999949 0.001581
vn -0.026031 0.999658 0.002704
vn 0.022138 0.968153 0.249378
vn 0.037856 0.974727 0.220168
vn -0.004082 0.999991 0.001038
vn -0.009968 0.999949 0.001581
vn -0.009968 0.999949 0.001581
vn -0.004082 0.999991 0.001038
vn -0.083365 0.973488 -0.213005
vn -0.101747 0.965838 -0.238338
vn -0.026031 0.999658 0.002704
vn -0.009968 0.999949 0.001581
vn -0.101747 0.965838 -0.238338
vn -0.134821 0.952078 -0.274536
vn -0.476203 0.266325 -0.838034
vn -0.427613 0.296061 -0.854105
vn -0.452130 0.000000 -0.891952
vn -0.499866 0.000000 -0.866103
vn -0.427613 0.296061 -0.854105
vn -0.385895 0.318947 -0.865655
vn -0.410291 0.000000 -0.911955
vn -0.452130 0.000000 -0.891952
vn -0.452130 0.000000 -0.891952
vn -0.410291 0.000000 -0.911955
vn -0.385895 -0.318947 -0.865655
vn -0.427613 -0.296061 -0.854105
vn -0.499866 0.000000 -0.866103
vn -0.452130 0.000000 -0.891952
vn -0.427613 -0.296061 -0.854105
vn -0.476203 -0.266325 -0.838034
vn -0.812920 0.253550 -0.524284
vn -0.583665 0.240611 -0.775527
vn -0.607395 0.000001 -0.794400
vn -0.843499 0.000002 -0.537131
vn -0.583665 0.240611 -0.775527
vn -0.476203 0.266325 -0.838034
vn -0.499866 0.000000 -0.866103
vn -0.607395 0.000001 -0.794400
vn -0.607395 0.000001 -0.794400
vn -0.499866 0.000000 -0.866103
vn -0.476203 -0.266325 -0.838034
vn -0.583665 -0.240611 -0.775527
vn -0.843499 0.000002 -0.537131
vn -0.607395 0.000001 -0.794400
vn -0.583665 -0.240611 -0.775527
vn -0.812920 -0.253551 -0.524283
vn -0.134821 -0.952078 -0.274536
vn -0.101747 -0.965838 -0.238337
vn -0.009968 -0.999949 0.001581
vn -0.026031 -0.999658 0.002704
vn -0.101747 -0.965838 -0.238337
vn -0.083365 -0.973488 -0.213005
vn -0.004082 -0.999991 0.001038
vn -0.009968 -0.999949 0.001581
vn -0.009968 -0.999949 0.001581
vn -0.004082 -0.999991 0.001038
vn 0.037856 -0.974727 0.220168
vn 0.022138 -0.968153 0.249378
vn -0.026031 -0.999658 0.002704
vn -0.009968 -0.999949 0.001581
vn 0.022138 -0.968153 0.249378
vn -0.003975 -0.956507 0.291681
vn -0.379754 -0.885573 -0.267482
vn -0.212283 -0.928925 -0.303371
vn -0.094795 -0.995491 0.003436
vn -0.360295 -0.932790 -0.009459
vn -0.212283 -0.928925 -0.303371
vn -0.134821 -0.952078 -0.274536
vn -0.026031 -0.999658 0.002704
vn -0.094795 -0.995491 0.003436
vn -0.094795 -0.995491 0.003436
vn -0.026031 -0.999658 0.002704
vn -0.003975 -0.956507 0.291681
vn -0.087410 -0.939826 0.330284
vn -0.360295 -0.932790 -0.009459
vn -0.094795 -0.995491 0.003436
vn -0.087410 -0.939826 0.330284
vn -0.303188 -0.913491 0.271315
vn -0.812920 -0.253551 -0.524283
vn -0.958360 -0.285527 -0.004425
vn -0.999999 0.000001 -0.001474
vn -0.843499 0.000002 -0.537131
vn -0.958360 -0.285527 -0.004425
vn -0.722141 -0.283607 0.630935
vn -0.755940 0.000000 0.654641
vn -0.999999 0.000001 -0.001474
vn -0.999999 0.000001 -0.001474
vn -0.755940 0.000000 0.654641
vn -0.722141 0.283606 0.630935
vn -0.958361 0.285526 -0.004427
vn -0.843499 0.000002 -0.537131
vn -0.999999 0.000001 -0.001474
vn -0.958361 0.285526 -0.004427
vn -0.812920 0.253550 -0.524284
vn -0.309762 0.346204 -0.885545
vn -0.271796 0.351323 -0.895935
vn -0.290231 0.000000 -0.956957
vn -0.331097 0.000000 -0.943597
vn -0.271796 0.351323 -0.895935
vn -0.230636 0.351429 -0.907361
vn -0.245357 0.000000 -0.969433
vn -0.290231 0.000000 -0.956957
vn -0.290231 0.000000 -0.956957
vn -0.245357 0.000000 -0.969433
vn -0.230636 -0.351429 -0.907361
vn -0.271797 -0.351323 -0.895935
vn -0.331097 0.000000 -0.943597
vn -0.290231 0.000000 -0.956957
vn -0.271797 -0.351323 -0.895935
vn -0.309762 -0.346204 -0.885545
vn -0.385895 0.318947 -0.865655
vn -0.347029 0.335547 -0.875773
vn -0.370368 0.000000 -0.928885
vn -0.410291 0.000000 -0.911955
vn -0.347029 0.335547 -0.875773
vn -0.309762 0.346204 -0.885545
vn -0.331097 0.000000 -0.943597
vn -0.370368 0.000000 -0.928885
vn -0.370368 0.000000 -0.928885
vn -0.331097 0.000000 -0.943597
vn -0.309762 -0.346204 -0.885545
vn -0.347029 -0.335547 -0.875773
vn -0.410291 0.000000 -0.911955
vn -0.370368 0.000000 -0.928885
vn -0.347029 -0.335547 -0.875773
vn -0.385895 -0.318947 -0.865655
vn 0.037856 -0.974727 0.220168
vn -0.004082 -0.999991 0.001038
vn -0.002192 -0.999997 0.000571
vn 0.047304 -0.978414 0.201166
vn -0.004082 -0.999991 0.001038
vn -0.083365 -0.973488 -0.213005
vn -0.071925 -0.977696 -0.197324
vn -0.002192 -0.999997 0.000571
vn -0.002192 -0.999997 0.000571
vn -0.071925 -0.977696 -0.197324
vn -0.063776 -0.979794 -0.189569
vn -0.000970 -1.000000 0.000234
vn 0.047304 -0.978414 0.201166
vn -0.002192 -0.999997 0.000571
vn -0.000970 -1.000000 0.000234
vn 0.053075 -0.980133 0.191107
vn 0.053075 -0.980133 0.191107
vn -0.000970 -1.000000 0.000234
vn -0.000067 -1.000000 -0.000055
vn 0.057122 -0.980634 0.187332
vn -0.000970 -1.000000 0.000234
vn -0.063776 -0.979794 -0.189569
vn -0.057304 -0.980577 -0.187577
vn -0.000067 -1.000000 -0.000055
vn -0.000067 -1.000000 -0.000055
vn -0.057304 -0.980577 -0.187577
vn -0.051382 -0.980361 -0.190401
vn 0.000696 -1.000000 -0.000347
vn 0.057122 -0.980634 0.187332
vn -0.000067 -1.000000 -0.000055
vn 0.000696 -1.000000 -0.000347
vn 0.060220 -0.980218 0.188538
vn 0.097803 0.327480 0.939783
vn 0.098337 -0.000000 0.995153
vn 0.186844 -0.000000 0.982390
vn 0.178555 0.341940 0.922602
vn 0.098337 -0.000000 0.995153
vn 0.097803 -0.327480 0.939783
vn 0.178555 -0.341940 0.922602
vn 0.186844 -0.000000 0.982390
vn 0.186844 -0.000000 0.982390
vn 0.178555 -0.341940 0.922602
vn 0.233581 -0.349726 0.907266
vn 0.247813 0.000001 0.968808
vn 0.178555 0.341940 0.922602
vn 0.186844 -0.000000 0.982390
vn 0.247813 0.000001 0.968808
vn 0.233581 0.349726 0.907266
vn 0.233581 0.349726 0.907266
vn 0.247813 0.000001 0.968808
vn 0.289029 0.000001 0.957320
vn 0.270789 0.351628 0.896120
vn 0.247813 0.000001 0.968808
vn 0.233581 -0.349726 0.907266
vn 0.270788 -0.351628 0.896120
vn 0.289029 0.000001 0.957320
vn 0.289029 0.000001 0.957320
vn 0.270788 -0.351628 0.896120
vn 0.294615 -0.348853 0.889665
vn 0.315090 0.000001 0.949062
vn 0.270789 0.351628 0.896120
vn 0.289029 0.000001 0.957320
vn 0.315090 0.000001 0.949062
vn 0.294615 0.348853 0.889665
vn -0.083365 0.973488 -0.213005
vn -0.004082 0.999991 0.001038
vn -0.002192 0.999997 0.000571
vn -0.071925 0.977697 -0.197323
vn -0.004082 0.999991 0.001038
vn 0.037856 0.974727 0.220168
vn 0.047304 0.978414 0.201166
vn -0.002192 0.999997 0.000571
vn -0.002192 0.999997 0.000571
vn 0.047304 0.978414 0.201166
vn 0.053075 0.980133 0.191108
vn -0.000970 1.000000 0.000234
vn -0.071925 0.977697 -0.197323
vn -0.002192 0.999997 0.000571
vn -0.000970 1.000000 0.000234
vn -0.063776 0.979794 -0.189570
vn -0.063776 0.979794 -0.189570
vn -0.000970 1.000000 0.000234
vn -0.000067 1.000000 -0.000055
vn -0.057304 0.980577 -0.187577
vn -0.000970 1.000000 0.000234
vn 0.053075 0.980133 0.191108
vn 0.057122 0.980634 0.187332
vn -0.000067 1.000000 -0.000055
vn -0.000067 1.000000 -0.000055
vn 0.057122 0.980634 0.187332
vn 0.060220 0.980218 0.188538
vn 0.000696 1.000000 -0.000347
vn -0.057304 0.980577 -0.187577
vn -0.000067 1.000000 -0.000055
vn 0.000696 1.000000 -0.000347
vn -0.051382 0.980361 -0.190401
vn -0.136301 0.340173 -0.930432
vn -0.089447 0.331084 -0.939352
vn -0.092706 0.000000 -0.995694
vn -0.142843 0.000000 -0.989745
vn -0.089447 0.331084 -0.939352
vn -0.047381 0.321868 -0.945598
vn -0.048330 0.000000 -0.998832
vn -0.092706 0.000000 -0.995694
vn -0.092706 0.000000 -0.995694
vn -0.048330 0.000000 -0.998832
vn -0.047381 -0.321868 -0.945598
vn -0.089448 -0.331084 -0.939352
vn -0.142843 0.000000 -0.989745
vn -0.092706 0.000000 -0.995694
vn -0.089448 -0.331084 -0.939352
vn -0.136302 -0.340173 -0.930432
vn -0.230636 0.351429 -0.907361
vn -0.184614 0.347424 -0.919355
vn -0.195151 0.000000 -0.980773
vn -0.245357 0.000000 -0.969433
vn -0.184614 0.347424 -0.919355
vn -0.136301 0.340173 -0.930432
vn -0.142843 0.000000 -0.989745
vn -0.195151 0.000000 -0.980773
vn -0.195151 0.000000 -0.980773
vn -0.142843 0.000000 -0.989745
vn -0.136302 -0.340173 -0.930432
vn -0.184614 -0.347424 -0.919355
vn -0.245357 0.000000 -0.969433
vn -0.195151 0.000000 -0.980773
vn -0.184614 -0.347424 -0.919355
vn -0.230636 -0.351429 -0.907361
vn 0.060220 -0.980218 0.188538
vn 0.000696 -1.000000 -0.000347
vn 0.001288 -0.999999 -0.000494
vn 0.060868 -0.979079 0.194162
vn 0.000696 -1.000000 -0.000347
vn -0.051382 -0.980361 -0.190401
vn -0.044659 -0.979371 -0.197074
vn 0.001288 -0.999999 -0.000494
vn 0.001288 -0.999999 -0.000494
vn -0.044659 -0.979371 -0.197074
vn -0.036639 -0.977603 -0.207245
vn 0.001639 -0.999998 -0.000686
vn 0.060868 -0.979079 0.194162
vn 0.001288 -0.999999 -0.000494
vn 0.001639 -0.999998 -0.000686
vn 0.057220 -0.977421 0.203404
vn 0.057220 -0.977421 0.203404
vn 0.001639 -0.999998 -0.000686
vn 0.001731 -0.999998 -0.000919
vn 0.048904 -0.975335 0.215245
vn 0.001639 -0.999998 -0.000686
vn -0.036639 -0.977603 -0.207245
vn -0.027368 -0.975157 -0.219816
vn 0.001731 -0.999998 -0.000919
vn 0.001731 -0.999998 -0.000919
vn -0.027368 -0.975157 -0.219816
vn -0.017180 -0.972301 -0.233099
vn 0.001541 -0.999998 -0.001176
vn 0.048904 -0.975335 0.215245
vn 0.001731 -0.999998 -0.000919
vn 0.001541 -0.999998 -0.001176
vn 0.035951 -0.972981 0.228069
vn 0.294615 0.348853 0.889665
vn 0.315090 0.000001 0.949062
vn 0.320855 0.000001 0.947128
vn 0.299993 0.343369 0.890001
vn 0.315090 0.000001 0.949062
vn 0.294615 -0.348853 0.889665
vn 0.299993 -0.343368 0.890001
vn 0.320855 0.000001 0.947128
vn 0.320855 0.000001 0.947128
vn 0.299993 -0.343368 0.890001
vn 0.279780 -0.336806 0.899047
vn 0.299022 0.000000 0.954246
vn 0.299993 0.343369 0.890001
vn 0.320855 0.000001 0.947128
vn 0.299022 0.000000 0.954246
vn 0.279780 0.336806 0.899047
vn 0.279780 0.336806 0.899047
vn 0.299022 0.000000 0.954246
vn 0.251101 0.000000 0.967961
vn 0.235178 0.329807 0.914286
vn 0.299022 0.000000 0.954246
vn 0.279780 -0.336806 0.899047
vn 0.235178 -0.329808 0.914286
vn 0.251101 0.000000 0.967961
vn 0.251101 0.000000 0.967961
vn 0.235178 -0.329808 0.914286
vn 0.169659 -0.322872 0.931112
vn 0.180977 0.000000 0.983487
vn 0.235178 0.329807 0.914286
vn 0.251101 0.000000 0.967961
vn 0.180977 0.000000 0.983487
vn 0.169659 0.322873 0.931112
vn -0.051382 0.980361 -0.190401
vn 0.000696 1.000000 -0.000347
vn 0.001288 0.999999 -0.000494
vn -0.044659 0.979371 -0.197074
vn 0.000696 1.000000 -0.000347
vn 0.060220 0.980218 0.188538
vn 0.060868 0.979079 0.194163
vn 0.001288 0.999999 -0.000494
vn 0.001288 0.999999 -0.000494
vn 0.060868 0.979079 0.194163
vn 0.057220 0.977421 0.203404
vn 0.001639 0.999998 -0.000686
vn -0.044659 0.979371 -0.197074
vn 0.001288 0.999999 -0.000494
vn 0.001639 0.999998 -0.000686
vn -0.036638 0.977603 -0.207244
vn -0.036638 0.977603 -0.207244
vn 0.001639 0.999998 -0.000686
vn 0.001731 0.999998 -0.000919
vn -0.027368 0.975157 -0.219816
vn 0.001639 0.999998 -0.000686
vn 0.057220 0.977421 0.203404
vn 0.048904 0.975335 0.215245
vn 0.001731 0.999998 -0.000919
vn 0.001731 0.999998 -0.000919
vn 0.048904 0.975335 0.215245
vn 0.035951 0.972981 0.228069
vn 0.001541 0.999998 -0.001176
vn -0.027368 0.975157 -0.219816
vn 0.001731 0.999998 -0.000919
vn 0.001541 0.999998 -0.001176
vn -0.017180 0.972301 -0.233099
vn 0.019481 0.307826 -0.951243
vn 0.049176 0.303417 -0.951588
vn 0.052155 0.000000 -0.998639
vn 0.021348 0.000000 -0.999772
vn 0.049176 0.303417 -0.951588
vn 0.079543 0.300698 -0.950397
vn 0.083645 0.000000 -0.996496
vn 0.052155 0.000000 -0.998639
vn 0.052155 0.000000 -0.998639
vn 0.083645 0.000000 -0.996496
vn 0.079543 -0.300698 -0.950397
vn 0.049176 -0.303417 -0.951588
vn 0.021348 0.000000 -0.999772
vn 0.052155 0.000000 -0.998639
vn 0.049176 -0.303417 -0.951588
vn 0.019482 -0.307825 -0.951244
vn -0.047381 0.321868 -0.945598
vn -0.011814 0.313984 -0.949355
vn -0.011195 0.000000 -0.999937
vn -0.048330 0.000000 -0.998832
vn -0.011814 0.313984 -0.949355
vn 0.019481 0.307826 -0.951243
vn 0.021348 0.000000 -0.999772
vn -0.011195 0.000000 -0.999937
vn -0.011195 0.000000 -0.999937
vn 0.021348 0.000000 -0.999772
vn 0.019482 -0.307825 -0.951244
vn -0.011814 -0.313983 -0.949355
vn -0.048330 0.000000 -0.998832
vn -0.011195 0.000000 -0.999937
vn -0.011814 -0.313983 -0.949355
vn -0.047381 -0.321868 -0.945598
vn 0.035951 -0.972981 0.228069
vn 0.001541 -0.999998 -0.001176
vn 0.001303 -0.999999 -0.001146
vn 0.021833 -0.970379 0.240599
vn 0.001541 -0.999998 -0.001176
vn -0.017180 -0.972301 -0.233099
vn -0.007205 -0.969489 -0.245031
vn 0.001303 -0.999999 -0.001146
vn 0.001303 -0.999999 -0.001146
vn -0.007205 -0.969489 -0.245031
vn 0.002240 -0.966982 -0.254835
vn 0.001051 -0.999999 -0.001113
vn 0.021833 -0.970379 0.240599
vn 0.001303 -0.999999 -0.001146
vn 0.001051 -0.999999 -0.001113
vn 0.008553 -0.967982 0.250873
vn 0.008553 -0.967982 0.250873
vn 0.001051 -0.999999 -0.001113
vn 0.000797 -0.999999 -0.001068
vn -0.004541 -0.966041 0.258351
vn 0.001051 -0.999999 -0.001113
vn 0.002240 -0.966982 -0.254835
vn 0.011662 -0.965000 -0.261990
vn 0.000797 -0.999999 -0.001068
vn 0.000797 -0.999999 -0.001068
vn 0.011662 -0.965000 -0.261990
vn 0.021494 -0.963687 -0.266168
vn 0.000551 -0.999999 -0.001003
vn -0.004541 -0.966041 0.258351
vn 0.000797 -0.999999 -0.001068
vn 0.000551 -0.999999 -0.001003
vn -0.017977 -0.964707 0.262710
vn 0.169659 0.322873 0.931112
vn 0.180977 0.000000 0.983487
vn 0.108647 0.000000 0.994080
vn 0.101880 0.315795 0.943342
vn 0.180977 0.000000 0.983487
vn 0.169659 -0.322872 0.931112
vn 0.101880 -0.315794 0.943342
vn 0.108647 0.000000 0.994080
vn 0.108647 0.000000 0.994080
vn 0.101880 -0.315794 0.943342
vn 0.043413 -0.309826 0.949802
vn 0.046544 0.000000 0.998916
vn 0.101880 0.315795 0.943342
vn 0.108647 0.000000 0.994080
vn 0.046544 0.000000 0.998916
vn 0.043413 0.309827 0.949801
vn 0.043413 0.309827 0.949801
vn 0.046544 0.000000 0.998916
vn -0.010134 0.000000 0.999949
vn -0.010167 0.305425 0.952162
vn 0.046544 0.000000 0.998916
vn 0.043413 -0.309826 0.949802
vn -0.010167 -0.305424 0.952162
vn -0.010134 0.000000 0.999949
vn -0.010134 0.000000 0.999949
vn -0.010167 -0.305424 0.952162
vn -0.062589 -0.302641 0.951047
vn -0.065433 0.000000 0.997857
vn -0.010167 0.305425 0.952162
vn -0.010134 0.000000 0.999949
vn -0.065433 0.000000 0.997857
vn -0.062589 0.302643 0.951047
vn -0.017180 0.972301 -0.233099
vn 0.001541 0.999998 -0.001176
vn 0.001304 0.999999 -0.001146
vn -0.007205 0.969488 -0.245032
vn 0.001541 0.999998 -0.001176
vn 0.035951 0.972981 0.228069
vn 0.021833 0.970379 0.240599
vn 0.001304 0.999999 -0.001146
vn 0.001304 0.999999 -0.001146
vn 0.021833 0.970379 0.240599
vn 0.008553 0.967982 0.250873
vn 0.001051 0.999999 -0.001113
vn -0.007205 0.969488 -0.245032
vn 0.001304 0.999999 -0.001146
vn 0.001051 0.999999 -0.001113
vn 0.002240 0.966982 -0.254835
vn 0.002240 0.966982 -0.254835
vn 0.001051 0.999999 -0.001113
vn 0.000797 0.999999 -0.001068
vn 0.011662 0.965000 -0.261990
vn 0.001051 0.999999 -0.001113
vn 0.008553 0.967982 0.250873
vn -0.004540 0.966041 0.258351
vn 0.000797 0.999999 -0.001068
vn 0.000797 0.999999 -0.001068
vn -0.004540 0.966041 0.258351
vn -0.017977 0.964707 0.262710
vn 0.000551 0.999999 -0.001003
vn 0.011662 0.965000 -0.261990
vn 0.000797 0.999999 -0.001068
vn 0.000551 0.999999 -0.001003
vn 0.021494 0.963687 -0.266169
vn 0.144661 0.300182 -0.942849
vn 0.179861 0.302243 -0.936109
vn 0.187914 0.000000 -0.982185
vn 0.151249 0.000000 -0.988496
vn 0.179861 0.302243 -0.936109
vn 0.218026 0.305644 -0.926848
vn 0.227809 0.000000 -0.973706
vn 0.187914 0.000000 -0.982185
vn 0.187914 0.000000 -0.982185
vn 0.227809 0.000000 -0.973706
vn 0.218027 -0.305645 -0.926847
vn 0.179862 -0.302244 -0.936108
vn 0.151249 0.000000 -0.988496
vn 0.187914 0.000000 -0.982185
vn 0.179862 -0.302244 -0.936108
vn 0.144661 -0.300182 -0.942849
vn 0.079543 0.300698 -0.950397
vn 0.111464 0.299636 -0.947520
vn 0.116762 0.000000 -0.993160
vn 0.083645 0.000000 -0.996496
vn 0.111464 0.299636 -0.947520
vn 0.144661 0.300182 -0.942849
vn 0.151249 0.000000 -0.988496
vn 0.116762 0.000000 -0.993160
vn 0.116762 0.000000 -0.993160
vn 0.151249 0.000000 -0.988496
vn 0.144661 -0.300182 -0.942849
vn 0.111464 -0.299636 -0.947520
vn 0.083645 0.000000 -0.996496
vn 0.116762 0.000000 -0.993160
vn 0.111464 -0.299636 -0.947520
vn 0.079543 -0.300698 -0.950397
vn -0.017977 -0.964707 0.262710
vn 0.000551 -0.999999 -0.001003
vn 0.000292 -1.000000 -0.000935
vn -0.032083 -0.964046 0.263792
vn 0.000551 -0.999999 -0.001003
vn 0.021494 -0.963687 -0.266168
vn 0.031814 -0.963116 -0.267198
vn 0.000292 -1.000000 -0.000935
vn 0.000292 -1.000000 -0.000935
vn 0.031814 -0.963116 -0.267198
vn 0.042330 -0.963307 -0.265043
vn 0.000006 -1.000000 -0.000848
vn -0.032083 -0.964046 0.263792
vn 0.000292 -1.000000 -0.000935
vn 0.000006 -1.000000 -0.000848
vn -0.046716 -0.964043 0.261607
vn -0.046716 -0.964043 0.261607
vn 0.000006 -1.000000 -0.000848
vn -0.000296 -1.000000 -0.000746
vn -0.061803 -0.964613 0.256324
vn 0.000006 -1.000000 -0.000848
vn 0.042330 -0.963307 -0.265043
vn 0.053002 -0.964193 -0.259852
vn -0.000296 -1.000000 -0.000746
vn -0.000296 -1.000000 -0.000746
vn 0.053002 -0.964193 -0.259852
vn 0.063906 -0.965623 -0.251967
vn -0.000605 -1.000000 -0.000628
vn -0.061803 -0.964613 0.256324
vn -0.000296 -1.000000 -0.000746
vn -0.000605 -1.000000 -0.000628
vn -0.077424 -0.965576 0.248330
vn -0.062589 0.302643 0.951047
vn -0.065433 0.000000 0.997857
vn -0.122558 0.000000 0.992461
vn -0.116792 0.301332 0.946340
vn -0.065433 0.000000 0.997857
vn -0.062589 -0.302641 0.951047
vn -0.116792 -0.301331 0.946340
vn -0.122558 0.000000 0.992461
vn -0.122558 0.000000 0.992461
vn -0.116792 -0.301331 0.946340
vn -0.173770 -0.301332 0.937552
vn -0.182644 0.000000 0.983179
vn -0.116792 0.301332 0.946340
vn -0.122558 0.000000 0.992461
vn -0.182644 0.000000 0.983179
vn -0.173770 0.301332 0.937552
vn -0.173770 0.301332 0.937552
vn -0.182644 0.000000 0.983179
vn -0.246648 0.000000 0.969105
vn -0.234384 0.302417 0.923909
vn -0.182644 0.000000 0.983179
vn -0.173770 -0.301332 0.937552
vn -0.234384 -0.302417 0.923909
vn -0.246648 0.000000 0.969105
vn -0.246648 0.000000 0.969105
vn -0.234384 -0.302417 0.923909
vn -0.299643 -0.304164 0.904267
vn -0.315652 0.000000 0.948875
vn -0.234384 0.302417 0.923909
vn -0.246648 0.000000 0.969105
vn -0.315652 0.000000 0.948875
vn -0.299643 0.304164 0.904267
vn 0.021494 0.963687 -0.266169
vn 0.000551 0.999999 -0.001003
vn 0.000292 1.000000 -0.000935
vn 0.031814 0.963116 -0.267199
vn 0.000551 0.999999 -0.001003
vn -0.017977 0.964707 0.262710
vn -0.032083 0.964046 0.263792
vn 0.000292 1.000000 -0.000935
vn 0.000292 1.000000 -0.000935
vn -0.032083 0.964046 0.263792
vn -0.046716 0.964043 0.261607
vn 0.000006 1.000000 -0.000848
vn 0.031814 0.963116 -0.267199
vn 0.000292 1.000000 -0.000935
vn 0.000006 1.000000 -0.000848
vn 0.042331 0.963307 -0.265043
vn 0.042331 0.963307 -0.265043
vn 0.000006 1.000000 -0.000848
vn -0.000296 1.000000 -0.000746
vn 0.053002 0.964193 -0.259852
vn 0.000006 1.000000 -0.000848
vn -0.046716 0.964043 0.261607
vn -0.061803 0.964613 0.256324
vn -0.000296 1.000000 -0.000746
vn -0.000296 1.000000 -0.000746
vn -0.061803 0.964613 0.256324
vn -0.077424 0.965576 0.248330
vn -0.000605 1.000000 -0.000628
vn 0.053002 0.964193 -0.259852
vn -0.000296 1.000000 -0.000746
vn -0.000605 1.000000 -0.000628
vn 0.063906 0.965623 -0.251967
vn 0.284758 0.316456 -0.904858
vn 0.310088 0.322501 -0.894337
vn 0.325565 0.000000 -0.945520
vn 0.298336 0.000000 -0.954461
vn 0.310088 0.322501 -0.894337
vn 0.327680 0.329442 -0.885491
vn 0.345020 0.000000 -0.938595
vn 0.325565 0.000000 -0.945520
vn 0.325565 0.000000 -0.945520
vn 0.345020 0.000000 -0.938595
vn 0.327680 -0.329442 -0.885491
vn 0.310088 -0.322501 -0.894337
vn 0.298336 0.000000 -0.954461
vn 0.325565 0.000000 -0.945520
vn 0.310088 -0.322501 -0.894337
vn 0.284759 -0.316456 -0.904858
vn 0.218026 0.305644 -0.926848
vn 0.254794 0.310518 -0.915783
vn 0.266485 0.000000 -0.963839
vn 0.227809 0.000000 -0.973706
vn 0.254794 0.310518 -0.915783
vn 0.284758 0.316456 -0.904858
vn 0.298336 0.000000 -0.954461
vn 0.266485 0.000000 -0.963839
vn 0.266485 0.000000 -0.963839
vn 0.298336 0.000000 -0.954461
vn 0.284759 -0.316456 -0.904858
vn 0.254794 -0.310518 -0.915783
vn 0.227809 0.000000 -0.973706
vn 0.266485 0.000000 -0.963839
vn 0.254794 -0.310518 -0.915783
vn 0.218027 -0.305645 -0.926847
vn -0.077424 -0.965576 0.248330
vn -0.000605 -1.000000 -0.000628
vn -0.001313 -0.999999 0.000076
vn -0.091728 -0.966573 0.239420
vn -0.000605 -1.000000 -0.000628
vn 0.063906 -0.965623 -0.251967
vn 0.073110 -0.967673 -0.241380
vn -0.001313 -0.999999 0.000076
vn -0.001313 -0.999999 0.000076
vn 0.073110 -0.967673 -0.241380
vn 0.079162 -0.969979 -0.229942
vn -0.002001 -0.999998 0.000714
vn -0.091728 -0.966573 0.239420
vn -0.001313 -0.999999 0.000076
vn -0.002001 -0.999998 0.000714
vn -0.101836 -0.967891 0.229819
vn -0.101836 -0.967891 0.229819
vn -0.002001 -0.999998 0.000714
vn -0.001632 -0.999998 -0.000899
vn -0.106992 -0.970322 0.216859
vn -0.002001 -0.999998 0.000714
vn 0.079162 -0.969979 -0.229942
vn 0.083924 -0.971621 -0.221154
vn -0.001632 -0.999998 -0.000899
vn -0.001632 -0.999998 -0.000899
vn 0.083924 -0.971621 -0.221154
vn 0.085586 -0.973418 -0.212445
vn -0.001161 -0.999996 -0.002609
vn -0.106992 -0.970322 0.216859
vn -0.001632 -0.999998 -0.000899
vn -0.001161 -0.999996 -0.002609
vn -0.107450 -0.973151 0.203546
vn -0.299643 0.304164 0.904267
vn -0.315652 0.000000 0.948875
vn -0.379943 0.000000 0.925010
vn -0.360373 0.306033 0.881178
vn -0.315652 0.000000 0.948875
vn -0.299643 -0.304164 0.904267
vn -0.360373 -0.306033 0.881178
vn -0.379943 0.000000 0.925010
vn -0.379943 0.000000 0.925010
vn -0.360373 -0.306033 0.881178
vn -0.407441 -0.308759 0.859453
vn -0.430003 0.000000 0.902828
vn -0.360373 0.306033 0.881178
vn -0.379943 0.000000 0.925010
vn -0.430003 0.000000 0.902828
vn -0.407441 0.308759 0.859453
vn -0.407441 0.308759 0.859453
vn -0.430003 0.000000 0.902828
vn -0.469911 0.000000 0.882714
vn -0.444520 0.313156 0.839247
vn -0.430003 0.000000 0.902828
vn -0.407441 -0.308759 0.859453
vn -0.444520 -0.313156 0.839247
vn -0.469911 0.000000 0.882714
vn -0.469911 0.000000 0.882714
vn -0.444520 -0.313156 0.839247
vn -0.467825 -0.319257 0.824145
vn -0.495650 0.000000 0.868522
vn -0.444520 0.313156 0.839247
vn -0.469911 0.000000 0.882714
vn -0.495650 0.000000 0.868522
vn -0.467825 0.319257 0.824145
vn 0.063906 0.965623 -0.251967
vn -0.000605 1.000000 -0.000628
vn -0.001313 0.999999 0.000075
vn 0.073110 0.967673 -0.241380
vn -0.000605 1.000000 -0.000628
vn -0.077424 0.965576 0.248330
vn -0.091728 0.966573 0.239420
vn -0.001313 0.999999 0.000075
vn -0.001313 0.999999 0.000075
vn -0.091728 0.966573 0.239420
vn -0.101836 0.967891 0.229819
vn -0.002000 0.999998 0.000714
vn 0.073110 0.967673 -0.241380
vn -0.001313 0.999999 0.000075
vn -0.002000 0.999998 0.000714
vn 0.079162 0.969979 -0.229942
vn 0.079162 0.969979 -0.229942
vn -0.002000 0.999998 0.000714
vn -0.001632 0.999998 -0.000899
vn 0.083924 0.971621 -0.221154
vn -0.002000 0.999998 0.000714
vn -0.101836 0.967891 0.229819
vn -0.106992 0.970322 0.216859
vn -0.001632 0.999998 -0.000899
vn -0.001632 0.999998 -0.000899
vn -0.106992 0.970322 0.216859
vn -0.107451 0.973151 0.203546
vn -0.001161 0.999996 -0.002609
vn 0.083924 0.971621 -0.221154
vn -0.001632 0.999998 -0.000899
vn -0.001161 0.999996 -0.002609
vn 0.085586 0.973418 -0.212445
vn 0.327680 0.329442 -0.885491
vn 0.335364 0.338023 -0.879359
vn 0.354365 0.000000 -0.935107
vn 0.345020 0.000000 -0.938595
vn 0.335364 0.338023 -0.879359
vn 0.335175 0.360684 -0.870382
vn 0.357221 0.000000 -0.934020
vn 0.354365 0.000000 -0.935107
vn 0.354365 0.000000 -0.935107
vn 0.357221 0.000000 -0.934020
vn 0.335175 -0.360684 -0.870382
vn 0.335364 -0.338023 -0.879359
vn 0.345020 0.000000 -0.938595
vn 0.354365 0.000000 -0.935107
vn 0.335364 -0.338023 -0.879359
vn 0.327680 -0.329442 -0.885491
vn -0.107450 -0.973151 0.203546
vn -0.001161 -0.999996 -0.002609
vn -0.001437 -0.999997 -0.002114
vn -0.105174 -0.975475 0.193360
vn -0.001161 -0.999996 -0.002609
vn 0.085586 -0.973418 -0.212445
vn 0.083051 -0.976087 -0.200889
vn -0.001437 -0.999997 -0.002114
vn -0.001437 -0.999997 -0.002114
vn 0.083051 -0.976087 -0.200889
vn 0.068326 -0.984359 -0.162386
vn -0.012550 -0.999701 0.020976
vn -0.105174 -0.975475 0.193360
vn -0.001437 -0.999997 -0.002114
vn -0.012550 -0.999701 0.020976
vn -0.129508 -0.963697 0.233487
vn -0.467825 0.319257 0.824145
vn -0.495650 0.000000 0.868522
vn -0.507095 0.000000 0.861890
vn -0.477341 0.326787 0.815694
vn -0.495650 0.000000 0.868522
vn -0.467825 -0.319257 0.824145
vn -0.477341 -0.326787 0.815694
vn -0.507095 0.000000 0.861890
vn -0.507095 0.000000 0.861890
vn -0.477341 -0.326787 0.815694
vn -0.485025 -0.301757 0.820788
vn -0.510414 0.000000 0.859929
vn -0.477341 0.326787 0.815694
vn -0.507095 0.000000 0.861890
vn -0.510414 0.000000 0.859929
vn -0.485025 0.301757 0.820788
vn 0.085586 0.973418 -0.212445
vn -0.001161 0.999996 -0.002609
vn -0.001437 0.999997 -0.002114
vn 0.083051 0.976087 -0.200889
vn -0.001161 0.999996 -0.002609
vn -0.107451 0.973151 0.203546
vn -0.105174 0.975475 0.193360
vn -0.001437 0.999997 -0.002114
vn -0.001437 0.999997 -0.002114
vn -0.105174 0.975475 0.193360
vn -0.129508 0.963697 0.233487
vn -0.012550 0.999701 0.020976
vn 0.083051 0.976087 -0.200889
vn -0.001437 0.999997 -0.002114
vn -0.012550 0.999701 0.020976
vn 0.068326 0.984359 -0.162386
vn 1.000000 0.000000 0.000000
vn 1.000000 0.000000 0.000000
vn 1.000000 0.000000 0.000000
vn 1.000000 0.000000 0.000000
vn 0.202336 0.000000 -0.979316
vn 0.220103 0.000000 -0.975477
vn 0.220103 0.000000 -0.975477
vn 0.202336 0.000000 -0.979316
vn 0.000000 -1.000000 0.000000
vn 0.000000 -1.000000 0.000000
vn 0.000000 -1.000000 0.000000
vn 0.000000 -1.000000 0.000000
vn -0.018102 0.000000 0.999836
vn -0.018102 0.000000 0.999836
vn -0.001235 0.000000 0.999999
vn -0.001235 0.000000 0.999999
vn 0.000000 1.000000 0.000000
vn 0.000000 1.000000 0.000000
vn 0.000000 1.000000 0.000000
vn 0.000000 1.000000 0.000000
vn -0.897384 0.000000 -0.441250
vn -0.718417 0.000000 -0.695612
vn -0.718417 0.000000 -0.695612
vn -0.897384 0.000000 -0.441250
vn 0.000000 -1.000000 0.000000
vn 0.000000 -1.000000 0.000000
vn 0.000000 -1.000000 0.000000
vn 0.000000 -1.000000 0.000000
vn -0.982626 0.000000 0.185597
vn -0.982626 0.000000 0.185597
vn -0.938679 0.000000 0.344793
vn -0.938679 0.000000 0.344793
vn 0.000000 1.000000 0.000000
vn 0.000000 1.000000 0.000000
vn 0.000000 1.000000 0.000000
vn 0.000000 1.000000 0.000000
vn -0.718417 0.000000 -0.695612
vn 0.202336 0.000000 -0.979316
vn 0.202336 0.000000 -0.979316
vn -0.718417 0.000000 -0.695612
vn 0.000000 -1.000000 0.000000
vn 0.000000 -1.000000 0.000000
vn 0.000000 -1.000000 0.000000
vn 0.000000 -1.000000 0.000000
vn -0.938679 0.000000 0.344793
vn -0.938679 0.000000 0.344793
vn -0.018102 0.000000 0.999836
vn -0.018102 0.000000 0.999836
vn 0.000000 1.000000 0.000000
vn 0.000000 1.000000 0.000000
vn 0.000000 1.000000 0.000000
vn 0.000000 1.000000 0.000000
vn -1.000000 0.000000 0.000000
vn -1.000000 0.000000 0.000000
vn -1.000000 0.000000 0.000000
vn -1.000000 0.000000 0.000000
vn 0.595358 0.000000 0.803461
vn 0.546698 0.000000 0.837330
vn 0.540227 0.000000 0.841519
vn 0.595358 0.000000 0.803461
vn -0.084223 0.995966 0.030947
vn -0.063034 0.997743 0.023161
vn -0.052726 0.998421 0.019373
vn -0.084223 0.995966 0.030947
vn -0.823408 0.000000 -0.567450
vn -0.808053 0.000000 -0.589110
vn -0.809597 0.000000 -0.586986
vn -0.823408 0.000000 -0.567450
vn 0.110205 -0.993084 -0.040493
vn 0.114957 -0.992472 -0.042239
vn 0.113410 -0.992674 -0.041671
vn 0.110204 -0.993084 -0.040493
vn 0.938644 0.000000 -0.344887
vn 0.938644 0.000000 -0.344887
vn 0.938644 0.000000 -0.344887
vn 0.938644 0.000000 -0.344887
vn -0.938642 0.000000 0.344893
vn -0.938642 0.000000 0.344893
vn -0.938642 0.000000 0.344893
vn -0.938642 0.000000 0.344893
vn -0.808053 0.000000 -0.589110
vn -0.762135 0.000000 -0.647419
vn -0.764856 0.000000 -0.644202
vn -0.809597 0.000000 -0.586986
vn 0.113410 -0.992674 -0.041671
vn 0.114957 -0.992472 -0.042239
vn 0.091907 -0.995195 -0.033770
vn 0.098980 -0.994425 -0.036369
vn 0.540227 0.000000 0.841519
vn 0.546698 0.000000 0.837330
vn 0.448958 0.000000 0.893553
vn 0.445026 0.000000 0.895518
vn -0.052726 0.998421 0.019373
vn -0.063034 0.997743 0.023161
vn -0.037859 0.999186 0.013911
vn -0.036181 0.999257 0.013294
vn -0.762135 0.000000 -0.647419
vn -0.711171 0.000000 -0.703019
vn -0.712296 0.000000 -0.701879
vn -0.764856 0.000000 -0.644202
vn 0.098980 -0.994425 -0.036369
vn 0.091907 -0.995195 -0.033770
vn 0.111391 -0.992934 -0.040929
vn 0.103605 -0.993890 -0.038068
vn 0.445026 0.000000 0.895518
vn 0.448958 0.000000 0.893553
vn 0.411834 0.000000 0.911259
vn 0.413511 0.000000 0.910499
vn -0.036181 0.999257 0.013294
vn -0.037859 0.999186 0.013911
vn -0.041628 0.999016 0.015296
vn -0.044396 0.998881 0.016313
vn -0.711171 0.000000 -0.703019
vn -0.635982 0.000000 -0.771704
vn -0.639871 0.000000 -0.768482
vn -0.712296 0.000000 -0.701879
vn 0.103605 -0.993890 -0.038068
vn 0.111391 -0.992934 -0.040929
vn 0.054835 -0.998292 -0.020148
vn 0.078204 -0.996523 -0.028735
vn 0.413511 0.000000 0.910499
vn 0.411834 0.000000 0.911259
vn 0.521104 0.000000 0.853493
vn 0.526972 0.000000 0.849882
vn -0.044396 0.998881 0.016313
vn -0.041628 0.999016 0.015296
vn -0.030573 0.999469 0.011234
vn -0.021370 0.999741 0.007852
vn -0.635982 0.000000 -0.771704
vn -0.548946 0.000000 -0.835858
vn -0.548946 0.000000 -0.835858
vn -0.639871 0.000000 -0.768482
vn 0.078204 -0.996523 -0.028735
vn 0.054835 -0.998292 -0.020148
vn 0.013286 -0.999900 -0.004882
vn 0.005166 -0.999985 -0.001898
vn 0.526972 0.000000 0.849882
vn 0.521104 0.000000 0.853493
vn 0.873360 0.000000 0.487075
vn 0.874135 0.000000 0.485683
vn -0.021370 0.999741 0.007852
vn -0.030573 0.999469 0.011234
vn 0.000000 1.000000 0.000000
vn 0.000000 1.000000 0.000000
vn -0.446709 0.000000 -0.894679
vn -0.324435 0.000000 -0.945908
vn -0.324435 0.000000 -0.945908
vn -0.447665 0.000000 -0.894201
vn 0.017554 -0.999825 -0.006450
vn 0.013601 -0.999895 -0.004998
vn 0.119689 -0.991837 -0.043978
vn 0.080082 -0.996354 -0.029425
vn 0.845457 0.000000 0.534043
vn 0.846640 0.000000 0.532165
vn 0.667696 0.000000 0.744434
vn 0.690169 0.000000 0.723649
vn 0.000000 1.000000 0.000000
vn 0.000000 1.000000 0.000000
vn -0.007336 0.999969 0.002695
vn -0.011216 0.999929 0.004121
vn -0.150766 0.000000 -0.988569
vn -0.023918 0.000000 -0.999714
vn -0.023918 0.000000 -0.999714
vn -0.147156 0.000000 -0.989113
vn -0.086897 -0.995706 0.031929
vn -0.072491 -0.997013 0.026636
vn -0.176487 -0.982165 0.064848
vn -0.154738 -0.986318 0.056856
vn 0.348250 0.000000 0.937402
vn 0.343545 0.000000 0.939136
vn 0.097726 0.000000 0.995213
vn 0.107766 0.000000 0.994176
vn -0.042548 0.998972 0.015634
vn -0.040261 0.999080 0.014793
vn 0.031697 0.999430 -0.011647
vn 0.016614 0.999843 -0.006104
vn 0.119129 0.000000 -0.992879
vn 0.352641 0.000000 -0.935759
vn 0.360062 0.000000 -0.932928
vn 0.133877 0.000000 -0.990998
vn -0.042094 -0.998994 0.015467
vn -0.063838 -0.997685 0.023457
vn 0.000000 -1.000000 0.000000
vn 0.000000 -1.000000 0.000000
vn 0.197251 0.000000 0.980353
vn 0.217752 0.000000 0.976004
vn 0.345583 0.000000 0.938388
vn 0.346501 0.000000 0.938050
vn 0.116778 0.992231 -0.042909
vn 0.144471 0.988084 -0.053084
vn 0.152606 0.986695 -0.056073
vn 0.180886 0.981256 -0.066464
vn 0.352641 0.000000 -0.935759
vn 0.520573 0.000000 -0.853817
vn 0.520573 0.000000 -0.853817
vn 0.360062 0.000000 -0.932928
vn 0.000000 -1.000000 0.000000
vn 0.000000 -1.000000 0.000000
vn 0.000000 -1.000000 0.000000
vn 0.000000 -1.000000 0.000000
vn 0.346501 0.000000 0.938050
vn 0.345583 0.000000 0.938388
vn 0.324312 0.000000 0.945950
vn 0.324312 0.000000 0.945950
vn 0.180886 0.981256 -0.066464
vn 0.152606 0.986695 -0.056073
vn 0.000000 1.000000 0.000000
vn 0.000000 1.000000 0.000000
vn -0.548946 0.000000 -0.835858
vn -0.446709 0.000000 -0.894679
vn -0.447665 0.000000 -0.894201
vn -0.548946 0.000000 -0.835858
vn 0.005166 -0.999985 -0.001898
vn 0.013286 -0.999900 -0.004882
vn 0.013601 -0.999895 -0.004998
vn 0.017554 -0.999825 -0.006450
vn 0.874135 0.000000 0.485683
vn 0.873360 0.000000 0.487075
vn 0.846640 0.000000 0.532165
vn 0.845457 0.000000 0.534043
vn 0.000000 1.000000 0.000000
vn 0.000000 1.000000 0.000000
vn 0.000000 1.000000 0.000000
vn 0.000000 1.000000 0.000000
vn -0.324435 0.000000 -0.945908
vn -0.324434 0.000000 -0.945908
vn -0.324434 0.000000 -0.945908
vn -0.324435 0.000000 -0.945908
vn 0.080082 -0.996354 -0.029425
vn 0.119689 -0.991837 -0.043978
vn 0.172721 -0.982924 -0.063464
vn 0.198695 -0.977338 -0.073008
vn 0.690169 0.000000 0.723649
vn 0.667696 0.000000 0.744434
vn 0.796284 0.000000 0.604923
vn 0.778647 0.000000 0.627463
vn -0.011216 0.999929 0.004121
vn -0.007336 0.999969 0.002695
vn -0.037877 0.999186 0.013917
vn -0.042155 0.998991 0.015489
vn -0.324434 0.000000 -0.945908
vn -0.150766 0.000000 -0.988569
vn -0.147156 0.000000 -0.989113
vn -0.324434 0.000000 -0.945908
vn 0.198695 -0.977338 -0.073008
vn 0.172721 -0.982924 -0.063464
vn -0.072491 -0.997013 0.026636
vn -0.086897 -0.995706 0.031929
vn 0.778647 0.000000 0.627463
vn 0.796284 0.000000 0.604923
vn 0.343545 0.000000 0.939136
vn 0.348250 0.000000 0.937402
vn -0.042155 0.998991 0.015489
vn -0.037877 0.999186 0.013917
vn -0.040261 0.999080 0.014793
vn -0.042548 0.998972 0.015634
vn -0.023918 0.000000 -0.999714
vn 0.119129 0.000000 -0.992879
vn 0.133877 0.000000 -0.990998
vn -0.023918 0.000000 -0.999714
vn -0.154738 -0.986318 0.056856
vn -0.176487 -0.982165 0.064848
vn -0.063838 -0.997685 0.023457
vn -0.042094 -0.998994 0.015467
vn 0.107766 0.000000 0.994176
vn 0.097726 0.000000 0.995213
vn 0.217752 0.000000 0.976004
vn 0.197251 0.000000 0.980353
vn 0.016614 0.999843 -0.006104
vn 0.031697 0.999430 -0.011647
vn 0.144471 0.988084 -0.053084
vn 0.116778 0.992231 -0.042909
vn -0.396545 0.904213 -0.158588
vn -0.725069 0.619376 -0.301078
vn -0.729720 0.621803 0.284375
vn -0.351059 0.925918 0.139406
vn -0.725069 0.619376 -0.301078
vn -0.902777 0.254806 -0.346508
vn -0.905626 0.256387 0.337798
vn -0.729720 0.621803 0.284375
vn -0.729720 0.621803 0.284375
vn -0.905626 0.256387 0.337798
vn -0.585707 0.227121 0.778051
vn -0.473905 0.567488 0.673329
vn -0.351059 0.925918 0.139406
vn -0.729720 0.621803 0.284375
vn -0.473905 0.567488 0.673329
vn -0.275884 0.873899 0.400236
vn -0.902777 0.254806 -0.346508
vn -0.725069 0.619376 -0.301078
vn -0.455977 0.608695 -0.649289
vn -0.596272 0.231837 -0.768578
vn -0.725069 0.619376 -0.301078
vn -0.396545 0.904213 -0.158588
vn -0.204881 0.933274 -0.294999
vn -0.455977 0.608695 -0.649289
vn -0.455977 0.608695 -0.649289
vn -0.204881 0.933274 -0.294999
vn -0.109213 0.951598 -0.287286
vn -0.303641 0.661842 -0.685396
vn -0.596272 0.231837 -0.768578
vn -0.455977 0.608695 -0.649289
vn -0.303641 0.661842 -0.685396
vn -0.425619 0.248128 -0.870219
vn -0.425619 0.248128 -0.870219
vn -0.303641 0.661842 -0.685396
vn -0.220874 0.712229 -0.666292
vn -0.329816 0.274990 -0.903107
vn -0.303641 0.661842 -0.685396
vn -0.109213 0.951598 -0.287286
vn -0.068623 0.964540 -0.254860
vn -0.220874 0.712229 -0.666292
vn -0.220874 0.712229 -0.666292
vn -0.068623 0.964540 -0.254860
vn -0.042624 0.971839 -0.231758
vn -0.150140 0.745522 -0.649349
vn -0.329816 0.274990 -0.903107
vn -0.220874 0.712229 -0.666292
vn -0.150140 0.745522 -0.649349
vn -0.234987 0.295057 -0.926133
vn -0.234987 0.295057 -0.926133
vn -0.150140 0.745522 -0.649349
vn -0.094919 0.766248 -0.635495
vn -0.152481 0.308365 -0.938968
vn -0.150140 0.745522 -0.649349
vn -0.042624 0.971839 -0.231758
vn -0.026366 0.975931 -0.216480
vn -0.094919 0.766248 -0.635495
vn -0.094919 0.766248 -0.635495
vn -0.026366 0.975931 -0.216480
vn -0.016991 0.977840 -0.208662
vn -0.059221 0.776688 -0.627095
vn -0.152481 0.308365 -0.938968
vn -0.094919 0.766248 -0.635495
vn -0.059221 0.776688 -0.627095
vn -0.094872 0.315534 -0.944160
vn -0.094872 0.315534 -0.944160
vn -0.059221 0.776688 -0.627095
vn -0.036247 0.779514 -0.625335
vn -0.055592 0.317265 -0.946706
vn -0.059221 0.776688 -0.627095
vn -0.016991 0.977840 -0.208662
vn -0.011606 0.978397 -0.206410
vn -0.036247 0.779514 -0.625335
vn -0.036247 0.779514 -0.625335
vn -0.011606 0.978397 -0.206410
vn -0.008974 0.977933 -0.208725
vn -0.022435 0.776408 -0.629832
vn -0.055592 0.317265 -0.946706
vn -0.036247 0.779514 -0.625335
vn -0.022435 0.776408 -0.629832
vn -0.030662 0.314669 -0.948706
vn -0.902777 -0.254804 -0.346508
vn -0.725072 -0.619373 -0.301078
vn -0.729721 -0.621801 0.284379
vn -0.905626 -0.256386 0.337799
vn -0.725072 -0.619373 -0.301078
vn -0.396546 -0.904213 -0.158589
vn -0.351062 -0.925916 0.139408
vn -0.729721 -0.621801 0.284379
vn -0.729721 -0.621801 0.284379
vn -0.351062 -0.925916 0.139408
vn -0.275886 -0.873896 0.400241
vn -0.473906 -0.567485 0.673331
vn -0.905626 -0.256386 0.337799
vn -0.729721 -0.621801 0.284379
vn -0.473906 -0.567485 0.673331
vn -0.585706 -0.227120 0.778052
vn -0.396546 -0.904213 -0.158589
vn -0.725072 -0.619373 -0.301078
vn -0.455979 -0.608693 -0.649289
vn -0.204883 -0.933272 -0.295001
vn -0.725072 -0.619373 -0.301078
vn -0.902777 -0.254804 -0.346508
vn -0.596272 -0.231836 -0.768578
vn -0.455979 -0.608693 -0.649289
vn -0.455979 -0.608693 -0.649289
vn -0.596272 -0.231836 -0.768578
vn -0.425620 -0.248128 -0.870219
vn -0.303643 -0.661840 -0.685397
vn -0.204883 -0.933272 -0.295001
vn -0.455979 -0.608693 -0.649289
vn -0.303643 -0.661840 -0.685397
vn -0.109215 -0.951597 -0.287288
vn -0.109215 -0.951597 -0.287288
vn -0.303643 -0.661840 -0.685397
vn -0.220876 -0.712225 -0.666295
vn -0.068625 -0.964539 -0.254862
vn -0.303643 -0.661840 -0.685397
vn -0.425620 -0.248128 -0.870219
vn -0.329816 -0.274989 -0.903107
vn -0.220876 -0.712225 -0.666295
vn -0.220876 -0.712225 -0.666295
vn -0.329816 -0.274989 -0.903107
vn -0.234988 -0.295055 -0.926134
vn -0.150141 -0.745518 -0.649354
vn -0.068625 -0.964539 -0.254862
vn -0.220876 -0.712225 -0.666295
vn -0.150141 -0.745518 -0.649354
vn -0.042625 -0.971838 -0.231761
vn -0.042625 -0.971838 -0.231761
vn -0.150141 -0.745518 -0.649354
vn -0.094919 -0.766245 -0.635499
vn -0.026366 -0.975931 -0.216482
vn -0.150141 -0.745518 -0.649354
vn -0.234988 -0.295055 -0.926134
vn -0.152480 -0.308363 -0.938969
vn -0.094919 -0.766245 -0.635499
vn -0.094919 -0.766245 -0.635499
vn -0.152480 -0.308363 -0.938969
vn -0.094872 -0.315532 -0.944160
vn -0.059221 -0.776686 -0.627098
vn -0.026366 -0.975931 -0.216482
vn -0.094919 -0.766245 -0.635499
vn -0.059221 -0.776686 -0.627098
vn -0.016991 -0.977840 -0.208664
vn -0.016991 -0.977840 -0.208664
vn -0.059221 -0.776686 -0.627098
vn -0.036248 -0.779512 -0.625337
vn -0.011606 -0.978396 -0.206412
vn -0.059221 -0.776686 -0.627098
vn -0.094872 -0.315532 -0.944160
vn -0.055592 -0.317264 -0.946706
vn -0.036248 -0.779512 -0.625337
vn -0.036248 -0.779512 -0.625337
vn -0.055592 -0.317264 -0.946706
vn -0.030661 -0.314669 -0.948706
vn -0.022435 -0.776406 -0.629834
vn -0.011606 -0.978396 -0.206412
vn -0.036248 -0.779512 -0.625337
vn -0.022435 -0.776406 -0.629834
vn -0.008974 -0.977933 -0.208727
vn -0.585706 -0.227120 0.778052
vn -0.473906 -0.567485 0.673331
vn -0.208673 -0.578148 0.788797
vn -0.281939 -0.215418 0.934936
vn -0.473906 -0.567485 0.673331
vn -0.275886 -0.873896 0.400241
vn -0.098139 -0.921450 0.375898
vn -0.208673 -0.578148 0.788797
vn -0.208673 -0.578148 0.788797
vn -0.098139 -0.921450 0.375898
vn -0.032905 -0.946792 0.320161
vn -0.105723 -0.644727 0.757067
vn -0.281939 -0.215418 0.934936
vn -0.208673 -0.578148 0.788797
vn -0.105723 -0.644727 0.757067
vn -0.159189 -0.238798 0.957932
vn -0.159189 -0.238798 0.957932
vn -0.105723 -0.644727 0.757067
vn -0.065401 -0.698331 0.712781
vn -0.107887 -0.266027 0.957909
vn -0.105723 -0.644727 0.757067
vn -0.032905 -0.946792 0.320161
vn -0.013894 -0.961990 0.272732
vn -0.065401 -0.698331 0.712781
vn -0.065401 -0.698331 0.712781
vn -0.013894 -0.961990 0.272732
vn -0.005044 -0.970462 0.241202
vn -0.035643 -0.735254 0.676854
vn -0.107887 -0.266027 0.957909
vn -0.065401 -0.698331 0.712781
vn -0.035643 -0.735254 0.676854
vn -0.064434 -0.287061 0.955743
vn -0.064434 -0.287061 0.955743
vn -0.035643 -0.735254 0.676854
vn -0.010527 -0.759355 0.650592
vn -0.024037 -0.302368 0.952888
vn -0.035643 -0.735254 0.676854
vn -0.005044 -0.970462 0.241202
vn 0.000577 -0.975132 0.221624
vn -0.010527 -0.759355 0.650592
vn -0.010527 -0.759355 0.650592
vn 0.000577 -0.975132 0.221624
vn 0.005828 -0.977462 0.211030
vn 0.012514 -0.773149 0.634100
vn -0.024037 -0.302368 0.952888
vn -0.010527 -0.759355 0.650592
vn 0.012514 -0.773149 0.634100
vn 0.014805 -0.312233 0.949890
vn 0.014805 -0.312233 0.949890
vn 0.012514 -0.773149 0.634100
vn 0.035946 -0.779105 0.625862
vn 0.054562 -0.316991 0.946858
vn 0.012514 -0.773149 0.634100
vn 0.005828 -0.977462 0.211030
vn 0.011515 -0.978333 0.206718
vn 0.035946 -0.779105 0.625862
vn 0.035946 -0.779105 0.625862
vn 0.011515 -0.978333 0.206718
vn 0.018411 -0.978093 0.207353
vn 0.062076 -0.778600 0.624442
vn 0.054562 -0.316991 0.946858
vn 0.035946 -0.779105 0.625862
vn 0.062076 -0.778600 0.624442
vn 0.097710 -0.317107 0.943343
vn -0.275884 0.873899 0.400236
vn -0.473905 0.567488 0.673329
vn -0.208672 0.578152 0.788794
vn -0.098139 0.921451 0.375895
vn -0.473905 0.567488 0.673329
vn -0.585707 0.227121 0.778051
vn -0.281939 0.215419 0.934936
vn -0.208672 0.578152 0.788794
vn -0.208672 0.578152 0.788794
vn -0.281939 0.215419 0.934936
vn -0.159188 0.238799 0.957932
vn -0.105723 0.644729 0.757065
vn -0.098139 0.921451 0.375895
vn -0.208672 0.578152 0.788794
vn -0.105723 0.644729 0.757065
vn -0.032905 0.946792 0.320159
vn -0.032905 0.946792 0.320159
vn -0.105723 0.644729 0.757065
vn -0.065401 0.698332 0.712780
vn -0.013894 0.961990 0.272730
vn -0.105723 0.644729 0.757065
vn -0.159188 0.238799 0.957932
vn -0.107886 0.266028 0.957909
vn -0.065401 0.698332 0.712780
vn -0.065401 0.698332 0.712780
vn -0.107886 0.266028 0.957909
vn -0.064434 0.287062 0.955742
vn -0.035642 0.735255 0.676853
vn -0.013894 0.961990 0.272730
vn -0.065401 0.698332 0.712780
vn -0.035642 0.735255 0.676853
vn -0.005044 0.970462 0.241200
vn -0.005044 0.970462 0.241200
vn -0.035642 0.735255 0.676853
vn -0.010528 0.759356 0.650590
vn 0.000577 0.975132 0.221623
vn -0.035642 0.735255 0.676853
vn -0.064434 0.287062 0.955742
vn -0.024038 0.302368 0.952888
vn -0.010528 0.759356 0.650590
vn -0.010528 0.759356 0.650590
vn -0.024038 0.302368 0.952888
vn 0.014805 0.312233 0.949890
vn 0.012513 0.773152 0.634098
vn 0.000577 0.975132 0.221623
vn -0.010528 0.759356 0.650590
vn 0.012513 0.773152 0.634098
vn 0.005828 0.977463 0.211028
vn 0.005828 0.977463 0.211028
vn 0.012513 0.773152 0.634098
vn 0.035945 0.779107 0.625859
vn 0.011515 0.978333 0.206716
vn 0.012513 0.773152 0.634098
vn 0.014805 0.312233 0.949890
vn 0.054562 0.316990 0.946858
vn 0.035945 0.779107 0.625859
vn 0.035945 0.779107 0.625859
vn 0.054562 0.316990 0.946858
vn 0.097710 0.317107 0.943343
vn 0.062076 0.778603 0.624439
vn 0.011515 0.978333 0.206716
vn 0.035945 0.779107 0.625859
vn 0.062076 0.778603 0.624439
vn 0.018411 0.978093 0.207351
vn 0.097710 -0.317107 0.943343
vn 0.062076 -0.778600 0.624442
vn 0.092773 -0.773032 0.627547
vn 0.145633 -0.313404 0.938386
vn 0.062076 -0.778600 0.624442
vn 0.018411 -0.978093 0.207353
vn 0.027499 -0.976993 0.211493
vn 0.092773 -0.773032 0.627547
vn 0.092773 -0.773032 0.627547
vn 0.027499 -0.976993 0.211493
vn 0.039138 -0.975029 0.218603
vn 0.127129 -0.763001 0.633772
vn 0.145633 -0.313404 0.938386
vn 0.092773 -0.773032 0.627547
vn 0.127129 -0.763001 0.633772
vn 0.195336 -0.306698 0.931547
vn 0.195336 -0.306698 0.931547
vn 0.127129 -0.763001 0.633772
vn 0.162766 -0.749886 0.641232
vn 0.242814 -0.298303 0.923069
vn 0.127129 -0.763001 0.633772
vn 0.039138 -0.975029 0.218603
vn 0.052879 -0.972314 0.227615
vn 0.162766 -0.749886 0.641232
vn 0.162766 -0.749886 0.641232
vn 0.052879 -0.972314 0.227615
vn 0.067777 -0.969147 0.236982
vn 0.196896 -0.735793 0.647951
vn 0.242814 -0.298303 0.923069
vn 0.162766 -0.749886 0.641232
vn 0.196896 -0.735793 0.647951
vn 0.284752 -0.289806 0.913744
vn 0.018411 0.978093 0.207351
vn 0.062076 0.778603 0.624439
vn 0.092773 0.773034 0.627544
vn 0.027499 0.976993 0.211491
vn 0.062076 0.778603 0.624439
vn 0.097710 0.317107 0.943343
vn 0.145634 0.313404 0.938386
vn 0.092773 0.773034 0.627544
vn 0.092773 0.773034 0.627544
vn 0.145634 0.313404 0.938386
vn 0.195336 0.306699 0.931547
vn 0.127129 0.763004 0.633769
vn 0.027499 0.976993 0.211491
vn 0.092773 0.773034 0.627544
vn 0.127129 0.763004 0.633769
vn 0.039138 0.975029 0.218601
vn 0.039138 0.975029 0.218601
vn 0.127129 0.763004 0.633769
vn 0.162766 0.749889 0.641229
vn 0.052879 0.972315 0.227613
vn 0.127129 0.763004 0.633769
vn 0.195336 0.306699 0.931547
vn 0.242815 0.298305 0.923068
vn 0.162766 0.749889 0.641229
vn 0.162766 0.749889 0.641229
vn 0.242815 0.298305 0.923068
vn 0.284751 0.289808 0.913744
vn 0.196895 0.735796 0.647948
vn 0.052879 0.972315 0.227613
vn 0.162766 0.749889 0.641229
vn 0.196895 0.735796 0.647948
vn 0.067777 0.969147 0.236980
vn -0.030662 0.314669 -0.948706
vn -0.022435 0.776408 -0.629832
vn -0.021291 0.769329 -0.638498
vn -0.025660 0.309568 -0.950531
vn -0.022435 0.776408 -0.629832
vn -0.008974 0.977933 -0.208725
vn -0.010376 0.976667 -0.214509
vn -0.021291 0.769329 -0.638498
vn -0.021291 0.769329 -0.638498
vn -0.010376 0.976667 -0.214509
vn -0.017347 0.974824 -0.222299
vn -0.037975 0.760055 -0.648748
vn -0.025660 0.309568 -0.950531
vn -0.021291 0.769329 -0.638498
vn -0.037975 0.760055 -0.648748
vn -0.048010 0.303482 -0.951627
vn -0.048010 0.303482 -0.951627
vn -0.037975 0.760055 -0.648748
vn -0.071760 0.749441 -0.658171
vn -0.095653 0.297009 -0.950072
vn -0.037975 0.760055 -0.648748
vn -0.017347 0.974824 -0.222299
vn -0.029886 0.972507 -0.230950
vn -0.071760 0.749441 -0.658171
vn -0.071760 0.749441 -0.658171
vn -0.029886 0.972507 -0.230950
vn -0.047368 0.969894 -0.238877
vn -0.119934 0.738388 -0.663626
vn -0.095653 0.297009 -0.950072
vn -0.071760 0.749441 -0.658171
vn -0.119934 0.738388 -0.663626
vn -0.163650 0.290610 -0.942743
vn -0.008974 -0.977933 -0.208727
vn -0.022435 -0.776406 -0.629834
vn -0.021290 -0.769327 -0.638501
vn -0.010376 -0.976667 -0.214511
vn -0.022435 -0.776406 -0.629834
vn -0.030661 -0.314669 -0.948706
vn -0.025659 -0.309567 -0.950531
vn -0.021290 -0.769327 -0.638501
vn -0.021290 -0.769327 -0.638501
vn -0.025659 -0.309567 -0.950531
vn -0.048010 -0.303481 -0.951627
vn -0.037975 -0.760054 -0.648750
vn -0.010376 -0.976667 -0.214511
vn -0.021290 -0.769327 -0.638501
vn -0.037975 -0.760054 -0.648750
vn -0.017348 -0.974824 -0.222300
vn -0.017348 -0.974824 -0.222300
vn -0.037975 -0.760054 -0.648750
vn -0.071760 -0.749439 -0.658173
vn -0.029886 -0.972506 -0.230952
vn -0.037975 -0.760054 -0.648750
vn -0.048010 -0.303481 -0.951627
vn -0.095653 -0.297008 -0.950072
vn -0.071760 -0.749439 -0.658173
vn -0.071760 -0.749439 -0.658173
vn -0.095653 -0.297008 -0.950072
vn -0.163649 -0.290608 -0.942744
vn -0.119934 -0.738386 -0.663628
vn -0.029886 -0.972506 -0.230952
vn -0.071760 -0.749439 -0.658173
vn -0.119934 -0.738386 -0.663628
vn -0.047368 -0.969893 -0.238879
vn 0.284752 -0.289806 0.913744
vn 0.196896 -0.735793 0.647951
vn 0.226825 -0.722999 0.652551
vn 0.319634 -0.282550 0.904433
vn 0.196896 -0.735793 0.647951
vn 0.067777 -0.969147 0.236982
vn 0.081964 -0.966030 0.245087
vn 0.226825 -0.722999 0.652551
vn 0.226825 -0.722999 0.652551
vn 0.081964 -0.966030 0.245087
vn 0.094846 -0.963256 0.251282
vn 0.253077 -0.712493 0.654451
vn 0.319634 -0.282550 0.904433
vn 0.226825 -0.722999 0.652551
vn 0.253077 -0.712493 0.654451
vn 0.349824 -0.276893 0.894960
vn 0.349824 -0.276893 0.894960
vn 0.253077 -0.712493 0.654451
vn 0.277257 -0.704693 0.653098
vn 0.377981 -0.272849 0.884694
vn 0.253077 -0.712493 0.654451
vn 0.094846 -0.963256 0.251282
vn 0.106742 -0.961064 0.254878
vn 0.277257 -0.704693 0.653098
vn 0.277257 -0.704693 0.653098
vn 0.106742 -0.961064 0.254878
vn 0.117966 -0.959612 0.255399
vn 0.300765 -0.699752 0.647988
vn 0.377981 -0.272849 0.884694
vn 0.277257 -0.704693 0.653098
vn 0.300765 -0.699752 0.647988
vn 0.406269 -0.270358 0.872841
vn 0.067777 0.969147 0.236980
vn 0.196895 0.735796 0.647948
vn 0.226824 0.723002 0.652548
vn 0.081962 0.966031 0.245085
vn 0.196895 0.735796 0.647948
vn 0.284751 0.289808 0.913744
vn 0.319634 0.282552 0.904433
vn 0.226824 0.723002 0.652548
vn 0.226824 0.723002 0.652548
vn 0.319634 0.282552 0.904433
vn 0.349824 0.276894 0.894960
vn 0.253076 0.712495 0.654449
vn 0.081962 0.966031 0.245085
vn 0.226824 0.723002 0.652548
vn 0.253076 0.712495 0.654449
vn 0.094845 0.963256 0.251280
vn 0.094845 0.963256 0.251280
vn 0.253076 0.712495 0.654449
vn 0.277256 0.704695 0.653096
vn 0.106741 0.961065 0.254875
vn 0.253076 0.712495 0.654449
vn 0.349824 0.276894 0.894960
vn 0.377980 0.272849 0.884695
vn 0.277256 0.704695 0.653096
vn 0.277256 0.704695 0.653096
vn 0.377980 0.272849 0.884695
vn 0.406270 0.270358 0.872841
vn 0.300764 0.699754 0.647986
vn 0.106741 0.961065 0.254875
vn 0.277256 0.704695 0.653096
vn 0.300764 0.699754 0.647986
vn 0.117965 0.959613 0.255397
vn -0.163650 0.290610 -0.942743
vn -0.119934 0.738388 -0.663626
vn -0.169670 0.726736 -0.665633
vn -0.232117 0.284116 -0.930269
vn -0.119934 0.738388 -0.663626
vn -0.047368 0.969894 -0.238877
vn -0.065886 0.967010 -0.246071
vn -0.169670 0.726736 -0.665633
vn -0.169670 0.726736 -0.665633
vn -0.065886 0.967010 -0.246071
vn -0.082745 0.964356 -0.251340
vn -0.212742 0.716623 -0.664223
vn -0.232117 0.284116 -0.930269
vn -0.169670 0.726736 -0.665633
vn -0.212742 0.716623 -0.664223
vn -0.289711 0.278647 -0.915655
vn -0.289711 0.278647 -0.915655
vn -0.212742 0.716623 -0.664223
vn -0.251762 0.708904 -0.658840
vn -0.341239 0.274614 -0.898968
vn -0.212742 0.716623 -0.664223
vn -0.082745 0.964356 -0.251340
vn -0.098399 0.962207 -0.253921
vn -0.251762 0.708904 -0.658840
vn -0.251762 0.708904 -0.658840
vn -0.098399 0.962207 -0.253921
vn -0.113260 0.960732 -0.253310
vn -0.288914 0.703865 -0.648925
vn -0.341239 0.274614 -0.898968
vn -0.251762 0.708904 -0.658840
vn -0.288914 0.703865 -0.648925
vn -0.390471 0.272066 -0.879496
vn -0.047368 -0.969893 -0.238879
vn -0.119934 -0.738386 -0.663628
vn -0.169671 -0.726734 -0.665635
vn -0.065887 -0.967009 -0.246073
vn -0.119934 -0.738386 -0.663628
vn -0.163649 -0.290608 -0.942744
vn -0.232117 -0.284115 -0.930269
vn -0.169671 -0.726734 -0.665635
vn -0.169671 -0.726734 -0.665635
vn -0.232117 -0.284115 -0.930269
vn -0.289711 -0.278646 -0.915655
vn -0.212743 -0.716621 -0.664225
vn -0.065887 -0.967009 -0.246073
vn -0.169671 -0.726734 -0.665635
vn -0.212743 -0.716621 -0.664225
vn -0.082746 -0.964355 -0.251342
vn -0.082746 -0.964355 -0.251342
vn -0.212743 -0.716621 -0.664225
vn -0.251763 -0.708902 -0.658843
vn -0.098400 -0.962206 -0.253923
vn -0.212743 -0.716621 -0.664225
vn -0.289711 -0.278646 -0.915655
vn -0.341239 -0.274614 -0.898968
vn -0.251763 -0.708902 -0.658843
vn -0.251763 -0.708902 -0.658843
vn -0.341239 -0.274614 -0.898968
vn -0.390471 -0.272065 -0.879496
vn -0.288915 -0.703862 -0.648927
vn -0.098400 -0.962206 -0.253923
vn -0.251763 -0.708902 -0.658843
vn -0.288915 -0.703862 -0.648927
vn -0.113261 -0.960732 -0.253312
vn 0.406269 -0.270358 0.872841
vn 0.300765 -0.699752 0.647988
vn 0.324054 -0.697734 0.638871
vn 0.435482 -0.269385 0.858946
vn 0.300765 -0.699752 0.647988
vn 0.117966 -0.959612 0.255399
vn 0.128536 -0.958981 0.252652
vn 0.324054 -0.697734 0.638871
vn 0.324054 -0.697734 0.638871
vn 0.128536 -0.958981 0.252652
vn 0.138154 -0.959192 0.246707
vn 0.346749 -0.698599 0.625879
vn 0.435482 -0.269385 0.858946
vn 0.324054 -0.697734 0.638871
vn 0.346749 -0.698599 0.625879
vn 0.465321 -0.269886 0.842993
vn 0.465321 -0.269886 0.842993
vn 0.346749 -0.698599 0.625879
vn 0.369139 -0.702149 0.608871
vn 0.496389 -0.271778 0.824461
vn 0.346749 -0.698599 0.625879
vn 0.138154 -0.959192 0.246707
vn 0.146835 -0.960171 0.237722
vn 0.369139 -0.702149 0.608871
vn 0.369139 -0.702149 0.608871
vn 0.146835 -0.960171 0.237722
vn 0.154777 -0.961752 0.226001
vn 0.391703 -0.707983 0.587646
vn 0.496389 -0.271778 0.824461
vn 0.369139 -0.702149 0.608871
vn 0.391703 -0.707983 0.587646
vn 0.529443 -0.274901 0.802570
vn 0.117965 0.959613 0.255397
vn 0.300764 0.699754 0.647986
vn 0.324053 0.697736 0.638869
vn 0.128535 0.958982 0.252650
vn 0.300764 0.699754 0.647986
vn 0.406270 0.270358 0.872841
vn 0.435482 0.269385 0.858945
vn 0.324053 0.697736 0.638869
vn 0.324053 0.697736 0.638869
vn 0.435482 0.269385 0.858945
vn 0.465321 0.269887 0.842993
vn 0.346747 0.698601 0.625877
vn 0.128535 0.958982 0.252650
vn 0.324053 0.697736 0.638869
vn 0.346747 0.698601 0.625877
vn 0.138153 0.959193 0.246705
vn 0.138153 0.959193 0.246705
vn 0.346747 0.698601 0.625877
vn 0.369138 0.702151 0.608869
vn 0.146834 0.960171 0.237720
vn 0.346747 0.698601 0.625877
vn 0.465321 0.269887 0.842993
vn 0.496388 0.271779 0.824460
vn 0.369138 0.702151 0.608869
vn 0.369138 0.702151 0.608869
vn 0.496388 0.271779 0.824460
vn 0.529443 0.274902 0.802570
vn 0.391702 0.707985 0.587645
vn 0.146834 0.960171 0.237720
vn 0.369138 0.702151 0.608869
vn 0.391702 0.707985 0.587645
vn 0.154776 0.961753 0.225999
vn -0.390471 0.272066 -0.879496
vn -0.288914 0.703865 -0.648925
vn -0.325819 0.701423 -0.633914
vn -0.440164 0.270864 -0.856089
vn -0.288914 0.703865 -0.648925
vn -0.113260 0.960732 -0.253310
vn -0.127597 0.960001 -0.249233
vn -0.325819 0.701423 -0.633914
vn -0.325819 0.701423 -0.633914
vn -0.127597 0.960001 -0.249233
vn -0.141277 0.959998 -0.241752
vn -0.362770 0.701369 -0.613579
vn -0.440164 0.270864 -0.856089
vn -0.325819 0.701423 -0.633914
vn -0.362770 0.701369 -0.613579
vn -0.491097 0.270862 -0.827924
vn -0.491097 0.270862 -0.827924
vn -0.362770 0.701369 -0.613579
vn -0.400047 0.703329 -0.587615
vn -0.543820 0.271852 -0.793950
vn -0.362770 0.701369 -0.613579
vn -0.141277 0.959998 -0.241752
vn -0.154291 0.960628 -0.231058
vn -0.400047 0.703329 -0.587615
vn -0.400047 0.703329 -0.587615
vn -0.154291 0.960628 -0.231058
vn -0.166858 0.961693 -0.217496
vn -0.438148 0.706605 -0.555640
vn -0.543820 0.271852 -0.793950
vn -0.400047 0.703329 -0.587615
vn -0.438148 0.706605 -0.555640
vn -0.598890 0.273446 -0.752701
vn -0.113261 -0.960732 -0.253312
vn -0.288915 -0.703862 -0.648927
vn -0.325820 -0.701421 -0.633917
vn -0.127598 -0.960000 -0.249236
vn -0.288915 -0.703862 -0.648927
vn -0.390471 -0.272065 -0.879496
vn -0.440164 -0.270864 -0.856089
vn -0.325820 -0.701421 -0.633917
vn -0.325820 -0.701421 -0.633917
vn -0.440164 -0.270864 -0.856089
vn -0.491097 -0.270862 -0.827924
vn -0.362772 -0.701366 -0.613581
vn -0.127598 -0.960000 -0.249236
vn -0.325820 -0.701421 -0.633917
vn -0.362772 -0.701366 -0.613581
vn -0.141278 -0.959997 -0.241755
vn -0.141278 -0.959997 -0.241755
vn -0.362772 -0.701366 -0.613581
vn -0.400048 -0.703326 -0.587617
vn -0.154293 -0.960627 -0.231061
vn -0.362772 -0.701366 -0.613581
vn -0.491097 -0.270862 -0.827924
vn -0.543820 -0.271851 -0.793950
vn -0.400048 -0.703326 -0.587617
vn -0.400048 -0.703326 -0.587617
vn -0.543820 -0.271851 -0.793950
vn -0.598890 -0.273446 -0.752701
vn -0.438149 -0.706603 -0.555641
vn -0.154293 -0.960627 -0.231061
vn -0.400048 -0.703326 -0.587617
vn -0.438149 -0.706603 -0.555641
vn -0.166859 -0.961693 -0.217498
vn 0.529443 -0.274901 0.802570
vn 0.391703 -0.707983 0.587646
vn 0.411040 -0.716372 0.563789
vn 0.560613 -0.279365 0.779531
vn 0.391703 -0.707983 0.587646
vn 0.154777 -0.961752 0.226001
vn 0.160075 -0.964018 0.212239
vn 0.411040 -0.716372 0.563789
vn 0.411040 -0.716372 0.563789
vn 0.160075 -0.964018 0.212239
vn 0.161952 -0.966570 0.198780
vn 0.424037 -0.726334 0.540954
vn 0.560613 -0.279365 0.779531
vn 0.411040 -0.716372 0.563789
vn 0.424037 -0.726334 0.540954
vn 0.585443 -0.284808 0.759039
vn 0.585443 -0.284808 0.759039
vn 0.424037 -0.726334 0.540954
vn 0.433820 -0.735218 0.520821
vn 0.606041 -0.290394 0.740531
vn 0.424037 -0.726334 0.540954
vn 0.161952 -0.966570 0.198780
vn 0.163496 -0.968392 0.188379
vn 0.433820 -0.735218 0.520821
vn 0.433820 -0.735218 0.520821
vn 0.163496 -0.968392 0.188379
vn 0.162006 -0.970385 0.179186
vn 0.437373 -0.745174 0.503409
vn 0.606041 -0.290394 0.740531
vn 0.433820 -0.735218 0.520821
vn 0.437373 -0.745174 0.503409
vn 0.619933 -0.296819 0.726348
vn 0.154776 0.961753 0.225999
vn 0.391702 0.707985 0.587645
vn 0.411039 0.716374 0.563787
vn 0.160074 0.964019 0.212237
vn 0.391702 0.707985 0.587645
vn 0.529443 0.274902 0.802570
vn 0.560613 0.279365 0.779531
vn 0.411039 0.716374 0.563787
vn 0.411039 0.716374 0.563787
vn 0.560613 0.279365 0.779531
vn 0.585443 0.284808 0.759039
vn 0.424035 0.726337 0.540952
vn 0.160074 0.964019 0.212237
vn 0.411039 0.716374 0.563787
vn 0.424035 0.726337 0.540952
vn 0.161951 0.966571 0.198778
vn 0.161951 0.966571 0.198778
vn 0.424035 0.726337 0.540952
vn 0.433819 0.735220 0.520819
vn 0.163494 0.968392 0.188378
vn 0.424035 0.726337 0.540952
vn 0.585443 0.284808 0.759039
vn 0.606041 0.290395 0.740530
vn 0.433819 0.735220 0.520819
vn 0.433819 0.735220 0.520819
vn 0.606041 0.290395 0.740530
vn 0.619933 0.296820 0.726348
vn 0.437371 0.745176 0.503407
vn 0.163494 0.968392 0.188378
vn 0.433819 0.735220 0.520819
vn 0.437371 0.745176 0.503407
vn 0.162004 0.970385 0.179185
vn -0.598890 0.273446 -0.752701
vn -0.438148 0.706605 -0.555640
vn -0.471888 0.710080 -0.522598
vn -0.648489 0.275176 -0.709747
vn -0.438148 0.706605 -0.555640
vn -0.166858 0.961693 -0.217496
vn -0.177783 0.962799 -0.203500
vn -0.471888 0.710080 -0.522598
vn -0.471888 0.710080 -0.522598
vn -0.177783 0.962799 -0.203500
vn -0.184312 0.964259 -0.190352
vn -0.495529 0.714965 -0.493231
vn -0.648489 0.275176 -0.709747
vn -0.471888 0.710080 -0.522598
vn -0.495529 0.714965 -0.493231
vn -0.685662 0.277693 -0.672870
vn -0.685662 0.277693 -0.672870
vn -0.495529 0.714965 -0.493231
vn -0.509841 0.723497 -0.465419
vn -0.713995 0.281697 -0.640982
vn -0.495529 0.714965 -0.493231
vn -0.184312 0.964259 -0.190352
vn -0.184757 0.966949 -0.175709
vn -0.509841 0.723497 -0.465419
vn -0.509841 0.723497 -0.465419
vn -0.184757 0.966949 -0.175709
vn -0.180428 0.970084 -0.162426
vn -0.513772 0.734631 -0.443120
vn -0.713995 0.281697 -0.640982
vn -0.509841 0.723497 -0.465419
vn -0.513772 0.734631 -0.443120
vn -0.731154 0.287259 -0.618786
vn -0.166859 -0.961693 -0.217498
vn -0.438149 -0.706603 -0.555641
vn -0.471890 -0.710077 -0.522600
vn -0.177785 -0.962798 -0.203502
vn -0.438149 -0.706603 -0.555641
vn -0.598890 -0.273446 -0.752701
vn -0.648489 -0.275175 -0.709747
vn -0.471890 -0.710077 -0.522600
vn -0.471890 -0.710077 -0.522600
vn -0.648489 -0.275175 -0.709747
vn -0.685662 -0.277692 -0.672871
vn -0.495531 -0.714962 -0.493233
vn -0.177785 -0.962798 -0.203502
vn -0.471890 -0.710077 -0.522600
vn -0.495531 -0.714962 -0.493233
vn -0.184314 -0.964258 -0.190353
vn -0.184314 -0.964258 -0.190353
vn -0.495531 -0.714962 -0.493233
vn -0.509842 -0.723495 -0.465420
vn -0.184759 -0.966949 -0.175711
vn -0.495531 -0.714962 -0.493233
vn -0.685662 -0.277692 -0.672871
vn -0.713995 -0.281697 -0.640982
vn -0.509842 -0.723495 -0.465420
vn -0.509842 -0.723495 -0.465420
vn -0.713995 -0.281697 -0.640982
vn -0.731154 -0.287259 -0.618786
vn -0.513774 -0.734629 -0.443122
vn -0.184759 -0.966949 -0.175711
vn -0.509842 -0.723495 -0.465420
vn -0.513774 -0.734629 -0.443122
vn -0.180429 -0.970084 -0.162427
vn 0.619933 -0.296819 0.726348
vn 0.437373 -0.745174 0.503409
vn 0.432278 -0.758372 0.487861
vn 0.625466 -0.304720 0.718288
vn 0.437373 -0.745174 0.503409
vn 0.162006 -0.970385 0.179186
vn 0.155347 -0.973344 0.168725
vn 0.432278 -0.758372 0.487861
vn 0.432278 -0.758372 0.487861
vn 0.155347 -0.973344 0.168725
vn 0.126990 -0.982507 0.136210
vn 0.401628 -0.797901 0.449498
vn 0.625466 -0.304720 0.718288
vn 0.432278 -0.758372 0.487861
vn 0.401628 -0.797901 0.449498
vn 0.623370 -0.324863 0.711248
vn 0.162004 0.970385 0.179185
vn 0.437371 0.745176 0.503407
vn 0.432276 0.758374 0.487859
vn 0.155345 0.973345 0.168724
vn 0.437371 0.745176 0.503407
vn 0.619933 0.296820 0.726348
vn 0.625466 0.304721 0.718288
vn 0.432276 0.758374 0.487859
vn 0.432276 0.758374 0.487859
vn 0.625466 0.304721 0.718288
vn 0.623370 0.324864 0.711248
vn 0.401626 0.797903 0.449497
vn 0.155345 0.973345 0.168724
vn 0.432276 0.758374 0.487859
vn 0.401626 0.797903 0.449497
vn 0.126989 0.982508 0.136209
vn -0.731154 0.287259 -0.618786
vn -0.513772 0.734631 -0.443120
vn -0.509585 0.746262 -0.428272
vn -0.737621 0.294192 -0.607755
vn -0.513772 0.734631 -0.443120
vn -0.180428 0.970084 -0.162426
vn -0.174507 0.972664 -0.153207
vn -0.509585 0.746262 -0.428272
vn -0.509585 0.746262 -0.428272
vn -0.174507 0.972664 -0.153207
vn -0.212790 0.959667 -0.183738
vn -0.553766 0.694185 -0.459837
vn -0.737621 0.294192 -0.607755
vn -0.509585 0.746262 -0.428272
vn -0.553766 0.694185 -0.459837
vn -0.745118 0.272659 -0.608651
vn -0.180429 -0.970084 -0.162427
vn -0.513774 -0.734629 -0.443122
vn -0.509587 -0.746259 -0.428273
vn -0.174508 -0.972663 -0.153208
vn -0.513774 -0.734629 -0.443122
vn -0.731154 -0.287259 -0.618786
vn -0.737621 -0.294192 -0.607755
vn -0.509587 -0.746259 -0.428273
vn -0.509587 -0.746259 -0.428273
vn -0.737621 -0.294192 -0.607755
vn -0.745118 -0.272658 -0.608651
vn -0.553768 -0.694183 -0.459838
vn -0.174508 -0.972663 -0.153208
vn -0.509587 -0.746259 -0.428273
vn -0.553768 -0.694183 -0.459838
vn -0.212792 -0.959666 -0.183740
vn -0.902777 0.254806 -0.346508
vn -0.596272 0.231837 -0.768578
vn -0.621179 0.000000 -0.783669
vn -0.935056 0.000000 -0.354501
vn -0.596272 0.231837 -0.768578
vn -0.425619 0.248128 -0.870219
vn -0.448074 0.000000 -0.893997
vn -0.621179 0.000000 -0.783669
vn -0.621179 0.000000 -0.783669
vn -0.448074 0.000000 -0.893997
vn -0.425620 -0.248128 -0.870219
vn -0.596272 -0.231836 -0.768578
vn -0.935056 0.000000 -0.354501
vn -0.621179 0.000000 -0.783669
vn -0.596272 -0.231836 -0.768578
vn -0.902777 -0.254804 -0.346508
vn -0.425619 0.248128 -0.870219
vn -0.329816 0.274990 -0.903107
vn -0.349923 0.000000 -0.936779
vn -0.448074 0.000000 -0.893997
vn -0.329816 0.274990 -0.903107
vn -0.234987 0.295057 -0.926133
vn -0.250821 0.000000 -0.968033
vn -0.349923 0.000000 -0.936779
vn -0.349923 0.000000 -0.936779
vn -0.250821 0.000000 -0.968033
vn -0.234988 -0.295055 -0.926134
vn -0.329816 -0.274989 -0.903107
vn -0.448074 0.000000 -0.893997
vn -0.349923 0.000000 -0.936779
vn -0.329816 -0.274989 -0.903107
vn -0.425620 -0.248128 -0.870219
vn -0.396546 -0.904213 -0.158589
vn -0.204883 -0.933272 -0.295001
vn -0.093820 -0.995121 0.030526
vn -0.351062 -0.925916 0.139408
vn -0.204883 -0.933272 -0.295001
vn -0.109215 -0.951597 -0.287288
vn -0.026025 -0.999640 0.006496
vn -0.093820 -0.995121 0.030526
vn -0.093820 -0.995121 0.030526
vn -0.026025 -0.999640 0.006496
vn -0.032905 -0.946792 0.320161
vn -0.098139 -0.921450 0.375898
vn -0.351062 -0.925916 0.139408
vn -0.093820 -0.995121 0.030526
vn -0.098139 -0.921450 0.375898
vn -0.275886 -0.873896 0.400241
vn -0.109215 -0.951597 -0.287288
vn -0.068625 -0.964539 -0.254862
vn -0.010316 -0.999945 0.002006
vn -0.026025 -0.999640 0.006496
vn -0.068625 -0.964539 -0.254862
vn -0.042625 -0.971838 -0.231761
vn -0.004433 -0.999990 0.000459
vn -0.010316 -0.999945 0.002006
vn -0.010316 -0.999945 0.002006
vn -0.004433 -0.999990 0.000459
vn -0.005044 -0.970462 0.241202
vn -0.013894 -0.961990 0.272732
vn -0.026025 -0.999640 0.006496
vn -0.010316 -0.999945 0.002006
vn -0.013894 -0.961990 0.272732
vn -0.032905 -0.946792 0.320161
vn -0.159189 -0.238798 0.957932
vn -0.107887 -0.266027 0.957909
vn -0.116790 0.000000 0.993157
vn -0.170467 0.000000 0.985363
vn -0.107887 -0.266027 0.957909
vn -0.064434 -0.287061 0.955743
vn -0.070637 0.000000 0.997502
vn -0.116790 0.000000 0.993157
vn -0.116790 0.000000 0.993157
vn -0.070637 0.000000 0.997502
vn -0.064434 0.287062 0.955742
vn -0.107886 0.266028 0.957909
vn -0.170467 0.000000 0.985363
vn -0.116790 0.000000 0.993157
vn -0.107886 0.266028 0.957909
vn -0.159188 0.238799 0.957932
vn -0.585706 -0.227120 0.778052
vn -0.281939 -0.215418 0.934936
vn -0.295861 0.000000 0.955231
vn -0.605722 0.000000 0.795677
vn -0.281939 -0.215418 0.934936
vn -0.159189 -0.238798 0.957932
vn -0.170467 0.000000 0.985363
vn -0.295861 0.000000 0.955231
vn -0.295861 0.000000 0.955231
vn -0.170467 0.000000 0.985363
vn -0.159188 0.238799 0.957932
vn -0.281939 0.215419 0.934936
vn -0.605722 0.000000 0.795677
vn -0.295861 0.000000 0.955231
vn -0.281939 0.215419 0.934936
vn -0.585707 0.227121 0.778051
vn -0.032905 0.946792 0.320159
vn -0.013894 0.961990 0.272730
vn -0.010316 0.999945 0.002006
vn -0.026025 0.999640 0.006496
vn -0.013894 0.961990 0.272730
vn -0.005044 0.970462 0.241200
vn -0.004433 0.999990 0.000459
vn -0.010316 0.999945 0.002006
vn -0.010316 0.999945 0.002006
vn -0.004433 0.999990 0.000459
vn -0.042624 0.971839 -0.231758
vn -0.068623 0.964540 -0.254860
vn -0.026025 0.999640 0.006496
vn -0.010316 0.999945 0.002006
vn -0.068623 0.964540 -0.254860
vn -0.109213 0.951598 -0.287286
vn -0.275884 0.873899 0.400236
vn -0.098139 0.921451 0.375895
vn -0.093819 0.995121 0.030526
vn -0.351059 0.925918 0.139406
vn -0.098139 0.921451 0.375895
vn -0.032905 0.946792 0.320159
vn -0.026025 0.999640 0.006496
vn -0.093819 0.995121 0.030526
vn -0.093819 0.995121 0.030526
vn -0.026025 0.999640 0.006496
vn -0.109213 0.951598 -0.287286
vn -0.204881 0.933274 -0.294999
vn -0.351059 0.925918 0.139406
vn -0.093819 0.995121 0.030526
vn -0.204881 0.933274 -0.294999
vn -0.396545 0.904213 -0.158588
vn -0.585707 0.227121 0.778051
vn -0.905626 0.256387 0.337798
vn -0.937939 0.000000 0.346800
vn -0.605722 0.000000 0.795677
vn -0.905626 0.256387 0.337798
vn -0.902777 0.254806 -0.346508
vn -0.935056 0.000000 -0.354501
vn -0.937939 0.000000 0.346800
vn -0.937939 0.000000 0.346800
vn -0.935056 0.000000 -0.354501
vn -0.902777 -0.254804 -0.346508
vn -0.905626 -0.256386 0.337799
vn -0.605722 0.000000 0.795677
vn -0.937939 0.000000 0.346800
vn -0.905626 -0.256386 0.337799
vn -0.585706 -0.227120 0.778052
vn 0.014805 -0.312233 0.949890
vn 0.054562 -0.316991 0.946858
vn 0.057574 -0.000001 0.998341
vn 0.014605 -0.000001 0.999893
vn 0.054562 -0.316991 0.946858
vn 0.097710 -0.317107 0.943343
vn 0.103998 -0.000001 0.994578
vn 0.057574 -0.000001 0.998341
vn 0.057574 -0.000001 0.998341
vn 0.103998 -0.000001 0.994578
vn 0.097710 0.317107 0.943343
vn 0.054562 0.316990 0.946858
vn 0.014605 -0.000001 0.999893
vn 0.057574 -0.000001 0.998341
vn 0.054562 0.316990 0.946858
vn 0.014805 0.312233 0.949890
vn -0.064434 -0.287061 0.955743
vn -0.024037 -0.302368 0.952888
vn -0.027330 0.000000 0.999627
vn -0.070637 0.000000 0.997502
vn -0.024037 -0.302368 0.952888
vn 0.014805 -0.312233 0.949890
vn 0.014605 -0.000001 0.999893
vn -0.027330 0.000000 0.999627
vn -0.027330 0.000000 0.999627
vn 0.014605 -0.000001 0.999893
vn 0.014805 0.312233 0.949890
vn -0.024038 0.302368 0.952888
vn -0.070637 0.000000 0.997502
vn -0.027330 0.000000 0.999627
vn -0.024038 0.302368 0.952888
vn -0.064434 0.287062 0.955742
vn -0.042624 0.971839 -0.231758
vn -0.004433 0.999990 0.000459
vn -0.002385 0.999997 0.000233
vn -0.026366 0.975931 -0.216480
vn -0.004433 0.999990 0.000459
vn -0.005044 0.970462 0.241200
vn 0.000577 0.975132 0.221623
vn -0.002385 0.999997 0.000233
vn -0.002385 0.999997 0.000233
vn 0.000577 0.975132 0.221623
vn 0.005828 0.977463 0.211028
vn -0.001048 0.999999 0.000122
vn -0.026366 0.975931 -0.216480
vn -0.002385 0.999997 0.000233
vn -0.001048 0.999999 0.000122
vn -0.016991 0.977840 -0.208662
vn -0.016991 0.977840 -0.208662
vn -0.001048 0.999999 0.000122
vn -0.000046 1.000000 0.000079
vn -0.011606 0.978397 -0.206410
vn -0.001048 0.999999 0.000122
vn 0.005828 0.977463 0.211028
vn 0.011515 0.978333 0.206716
vn -0.000046 1.000000 0.000079
vn -0.000046 1.000000 0.000079
vn 0.011515 0.978333 0.206716
vn 0.018411 0.978093 0.207351
vn 0.000818 1.000000 0.000090
vn -0.011606 0.978397 -0.206410
vn -0.000046 1.000000 0.000079
vn 0.000818 1.000000 0.000090
vn -0.008974 0.977933 -0.208725
vn -0.234988 -0.295055 -0.926134
vn -0.250821 0.000000 -0.968033
vn -0.163361 0.000000 -0.986566
vn -0.152480 -0.308363 -0.938969
vn -0.250821 0.000000 -0.968033
vn -0.234987 0.295057 -0.926133
vn -0.152481 0.308365 -0.938968
vn -0.163361 0.000000 -0.986566
vn -0.163361 0.000000 -0.986566
vn -0.152481 0.308365 -0.938968
vn -0.094872 0.315534 -0.944160
vn -0.101465 0.000000 -0.994839
vn -0.152480 -0.308363 -0.938969
vn -0.163361 0.000000 -0.986566
vn -0.101465 0.000000 -0.994839
vn -0.094872 -0.315532 -0.944160
vn -0.094872 -0.315532 -0.944160
vn -0.101465 0.000000 -0.994839
vn -0.058832 0.000000 -0.998268
vn -0.055592 -0.317264 -0.946706
vn -0.101465 0.000000 -0.994839
vn -0.094872 0.315534 -0.944160
vn -0.055592 0.317265 -0.946706
vn -0.058832 0.000000 -0.998268
vn -0.058832 0.000000 -0.998268
vn -0.055592 0.317265 -0.946706
vn -0.030662 0.314669 -0.948706
vn -0.031539 0.000000 -0.999503
vn -0.055592 -0.317264 -0.946706
vn -0.058832 0.000000 -0.998268
vn -0.031539 0.000000 -0.999503
vn -0.030661 -0.314669 -0.948706
vn -0.005044 -0.970462 0.241202
vn -0.004433 -0.999990 0.000459
vn -0.002385 -0.999997 0.000233
vn 0.000577 -0.975132 0.221624
vn -0.004433 -0.999990 0.000459
vn -0.042625 -0.971838 -0.231761
vn -0.026366 -0.975931 -0.216482
vn -0.002385 -0.999997 0.000233
vn -0.002385 -0.999997 0.000233
vn -0.026366 -0.975931 -0.216482
vn -0.016991 -0.977840 -0.208664
vn -0.001048 -0.999999 0.000122
vn 0.000577 -0.975132 0.221624
vn -0.002385 -0.999997 0.000233
vn -0.001048 -0.999999 0.000122
vn 0.005828 -0.977462 0.211030
vn 0.005828 -0.977462 0.211030
vn -0.001048 -0.999999 0.000122
vn -0.000046 -1.000000 0.000079
vn 0.011515 -0.978333 0.206718
vn -0.001048 -0.999999 0.000122
vn -0.016991 -0.977840 -0.208664
vn -0.011606 -0.978396 -0.206412
vn -0.000046 -1.000000 0.000079
vn -0.000046 -1.000000 0.000079
vn -0.011606 -0.978396 -0.206412
vn -0.008974 -0.977933 -0.208727
vn 0.000818 -1.000000 0.000090
vn 0.011515 -0.978333 0.206718
vn -0.000046 -1.000000 0.000079
vn 0.000818 -1.000000 0.000090
vn 0.018411 -0.978093 0.207353
vn 0.195336 -0.306698 0.931547
vn 0.242814 -0.298303 0.923069
vn 0.256374 0.000000 0.966578
vn 0.207247 0.000000 0.978289
vn 0.242814 -0.298303 0.923069
vn 0.284752 -0.289806 0.913744
vn 0.299119 -0.000000 0.954216
vn 0.256374 0.000000 0.966578
vn 0.256374 0.000000 0.966578
vn 0.299119 -0.000000 0.954216
vn 0.284751 0.289808 0.913744
vn 0.242815 0.298305 0.923068
vn 0.207247 0.000000 0.978289
vn 0.256374 0.000000 0.966578
vn 0.242815 0.298305 0.923068
vn 0.195336 0.306699 0.931547
vn 0.097710 -0.317107 0.943343
vn 0.145633 -0.313404 0.938386
vn 0.155041 -0.000000 0.987908
vn 0.103998 -0.000001 0.994578
vn 0.145633 -0.313404 0.938386
vn 0.195336 -0.306698 0.931547
vn 0.207247 0.000000 0.978289
vn 0.155041 -0.000000 0.987908
vn 0.155041 -0.000000 0.987908
vn 0.207247 0.000000 0.978289
vn 0.195336 0.306699 0.931547
vn 0.145634 0.313404 0.938386
vn 0.103998 -0.000001 0.994578
vn 0.155041 -0.000000 0.987908
vn 0.145634 0.313404 0.938386
vn 0.097710 0.317107 0.943343
vn -0.008974 0.977933 -0.208725
vn 0.000818 1.000000 0.000090
vn 0.001460 0.999999 0.000021
vn -0.010376 0.976667 -0.214509
vn 0.000818 1.000000 0.000090
vn 0.018411 0.978093 0.207351
vn 0.027499 0.976993 0.211491
vn 0.001460 0.999999 0.000021
vn 0.001460 0.999999 0.000021
vn 0.027499 0.976993 0.211491
vn 0.039138 0.975029 0.218601
vn 0.001878 0.999998 0.000082
vn -0.010376 0.976667 -0.214509
vn 0.001460 0.999999 0.000021
vn 0.001878 0.999998 0.000082
vn -0.017347 0.974824 -0.222299
vn -0.017347 0.974824 -0.222299
vn 0.001878 0.999998 0.000082
vn 0.002055 0.999998 0.000280
vn -0.029886 0.972507 -0.230950
vn 0.001878 0.999998 0.000082
vn 0.039138 0.975029 0.218601
vn 0.052879 0.972315 0.227613
vn 0.002055 0.999998 0.000280
vn 0.002055 0.999998 0.000280
vn 0.052879 0.972315 0.227613
vn 0.067777 0.969147 0.236980
vn 0.001960 0.999998 0.000604
vn -0.029886 0.972507 -0.230950
vn 0.002055 0.999998 0.000280
vn 0.001960 0.999998 0.000604
vn -0.047368 0.969894 -0.238877
vn -0.030661 -0.314669 -0.948706
vn -0.031539 0.000000 -0.999503
vn -0.025502 0.000000 -0.999675
vn -0.025659 -0.309567 -0.950531
vn -0.031539 0.000000 -0.999503
vn -0.030662 0.314669 -0.948706
vn -0.025660 0.309568 -0.950531
vn -0.025502 0.000000 -0.999675
vn -0.025502 0.000000 -0.999675
vn -0.025660 0.309568 -0.950531
vn -0.048010 0.303482 -0.951627
vn -0.048481 0.000000 -0.998824
vn -0.025659 -0.309567 -0.950531
vn -0.025502 0.000000 -0.999675
vn -0.048481 0.000000 -0.998824
vn -0.048010 -0.303481 -0.951627
vn -0.048010 -0.303481 -0.951627
vn -0.048481 0.000000 -0.998824
vn -0.098203 0.000000 -0.995166
vn -0.095653 -0.297008 -0.950072
vn -0.048481 0.000000 -0.998824
vn -0.048010 0.303482 -0.951627
vn -0.095653 0.297009 -0.950072
vn -0.098203 0.000000 -0.995166
vn -0.098203 0.000000 -0.995166
vn -0.095653 0.297009 -0.950072
vn -0.163650 0.290610 -0.942743
vn -0.169369 0.000000 -0.985553
vn -0.095653 -0.297008 -0.950072
vn -0.098203 0.000000 -0.995166
vn -0.169369 0.000000 -0.985553
vn -0.163649 -0.290608 -0.942744
vn 0.018411 -0.978093 0.207353
vn 0.000818 -1.000000 0.000090
vn 0.001460 -0.999999 0.000020
vn 0.027499 -0.976993 0.211493
vn 0.000818 -1.000000 0.000090
vn -0.008974 -0.977933 -0.208727
vn -0.010376 -0.976667 -0.214511
vn 0.001460 -0.999999 0.000020
vn 0.001460 -0.999999 0.000020
vn -0.010376 -0.976667 -0.214511
vn -0.017348 -0.974824 -0.222300
vn 0.001878 -0.999998 0.000082
vn 0.027499 -0.976993 0.211493
vn 0.001460 -0.999999 0.000020
vn 0.001878 -0.999998 0.000082
vn 0.039138 -0.975029 0.218603
vn 0.039138 -0.975029 0.218603
vn 0.001878 -0.999998 0.000082
vn 0.002055 -0.999998 0.000280
vn 0.052879 -0.972314 0.227615
vn 0.001878 -0.999998 0.000082
vn -0.017348 -0.974824 -0.222300
vn -0.029886 -0.972506 -0.230952
vn 0.002055 -0.999998 0.000280
vn 0.002055 -0.999998 0.000280
vn -0.029886 -0.972506 -0.230952
vn -0.047368 -0.969893 -0.238879
vn 0.001960 -0.999998 0.000604
vn 0.052879 -0.972314 0.227615
vn 0.002055 -0.999998 0.000280
vn 0.001960 -0.999998 0.000604
vn 0.067777 -0.969147 0.236982
vn 0.349824 -0.276893 0.894960
vn 0.377981 -0.272849 0.884694
vn 0.393381 0.000001 0.919376
vn 0.364853 0.000000 0.931065
vn 0.377981 -0.272849 0.884694
vn 0.406269 -0.270358 0.872841
vn 0.422202 0.000001 0.906502
vn 0.393381 0.000001 0.919376
vn 0.393381 0.000001 0.919376
vn 0.422202 0.000001 0.906502
vn 0.406270 0.270358 0.872841
vn 0.377980 0.272849 0.884695
vn 0.364853 0.000000 0.931065
vn 0.393381 0.000001 0.919376
vn 0.377980 0.272849 0.884695
vn 0.349824 0.276894 0.894960
vn 0.284752 -0.289806 0.913744
vn 0.319634 -0.282550 0.904433
vn 0.334363 0.000000 0.942444
vn 0.299119 -0.000000 0.954216
vn 0.319634 -0.282550 0.904433
vn 0.349824 -0.276893 0.894960
vn 0.364853 0.000000 0.931065
vn 0.334363 0.000000 0.942444
vn 0.334363 0.000000 0.942444
vn 0.364853 0.000000 0.931065
vn 0.349824 0.276894 0.894960
vn 0.319634 0.282552 0.904433
vn 0.299119 -0.000000 0.954216
vn 0.334363 0.000000 0.942444
vn 0.319634 0.282552 0.904433
vn 0.284751 0.289808 0.913744
vn -0.047368 0.969894 -0.238877
vn 0.001960 0.999998 0.000604
vn 0.001712 0.999998 0.000661
vn -0.065886 0.967010 -0.246071
vn 0.001960 0.999998 0.000604
vn 0.067777 0.969147 0.236980
vn 0.081962 0.966031 0.245085
vn 0.001712 0.999998 0.000661
vn 0.001712 0.999998 0.000661
vn 0.081962 0.966031 0.245085
vn 0.094845 0.963256 0.251280
vn 0.001450 0.999999 0.000721
vn -0.065886 0.967010 -0.246071
vn 0.001712 0.999998 0.000661
vn 0.001450 0.999999 0.000721
vn -0.082745 0.964356 -0.251340
vn -0.082745 0.964356 -0.251340
vn 0.001450 0.999999 0.000721
vn 0.001181 0.999999 0.000768
vn -0.098399 0.962207 -0.253921
vn 0.001450 0.999999 0.000721
vn 0.094845 0.963256 0.251280
vn 0.106741 0.961065 0.254875
vn 0.001181 0.999999 0.000768
vn 0.001181 0.999999 0.000768
vn 0.106741 0.961065 0.254875
vn 0.117965 0.959613 0.255397
vn 0.000912 0.999999 0.000794
vn -0.098399 0.962207 -0.253921
vn 0.001181 0.999999 0.000768
vn 0.000912 0.999999 0.000794
vn -0.113260 0.960732 -0.253310
vn -0.163649 -0.290608 -0.942744
vn -0.169369 0.000000 -0.985553
vn -0.240887 0.000000 -0.970553
vn -0.232117 -0.284115 -0.930269
vn -0.169369 0.000000 -0.985553
vn -0.163650 0.290610 -0.942743
vn -0.232117 0.284116 -0.930269
vn -0.240887 0.000000 -0.970553
vn -0.240887 0.000000 -0.970553
vn -0.232117 0.284116 -0.930269
vn -0.289711 0.278647 -0.915655
vn -0.300835 0.000000 -0.953676
vn -0.232117 -0.284115 -0.930269
vn -0.240887 0.000000 -0.970553
vn -0.300835 0.000000 -0.953676
vn -0.289711 -0.278646 -0.915655
vn -0.289711 -0.278646 -0.915655
vn -0.300835 0.000000 -0.953676
vn -0.354385 0.000000 -0.935100
vn -0.341239 -0.274614 -0.898968
vn -0.300835 0.000000 -0.953676
vn -0.289711 0.278647 -0.915655
vn -0.341239 0.274614 -0.898968
vn -0.354385 0.000000 -0.935100
vn -0.354385 0.000000 -0.935100
vn -0.341239 0.274614 -0.898968
vn -0.390471 0.272066 -0.879496
vn -0.405563 0.000000 -0.914067
vn -0.341239 -0.274614 -0.898968
vn -0.354385 0.000000 -0.935100
vn -0.405563 0.000000 -0.914067
vn -0.390471 -0.272065 -0.879496
vn 0.067777 -0.969147 0.236982
vn 0.001960 -0.999998 0.000604
vn 0.001713 -0.999998 0.000662
vn 0.081964 -0.966030 0.245087
vn 0.001960 -0.999998 0.000604
vn -0.047368 -0.969893 -0.238879
vn -0.065887 -0.967009 -0.246073
vn 0.001713 -0.999998 0.000662
vn 0.001713 -0.999998 0.000662
vn -0.065887 -0.967009 -0.246073
vn -0.082746 -0.964355 -0.251342
vn 0.001450 -0.999999 0.000720
vn 0.081964 -0.966030 0.245087
vn 0.001713 -0.999998 0.000662
vn 0.001450 -0.999999 0.000720
vn 0.094846 -0.963256 0.251282
vn 0.094846 -0.963256 0.251282
vn 0.001450 -0.999999 0.000720
vn 0.001181 -0.999999 0.000768
vn 0.106742 -0.961064 0.254878
vn 0.001450 -0.999999 0.000720
vn -0.082746 -0.964355 -0.251342
vn -0.098400 -0.962206 -0.253923
vn 0.001181 -0.999999 0.000768
vn 0.001181 -0.999999 0.000768
vn -0.098400 -0.962206 -0.253923
vn -0.113261 -0.960732 -0.253312
vn 0.000912 -0.999999 0.000794
vn 0.106742 -0.961064 0.254878
vn 0.001181 -0.999999 0.000768
vn 0.000912 -0.999999 0.000794
vn 0.117966 -0.959612 0.255399
vn 0.465321 -0.269886 0.842993
vn 0.496389 -0.271778 0.824461
vn 0.515151 0.000000 0.857099
vn 0.482908 0.000000 0.875671
vn 0.496389 -0.271778 0.824461
vn 0.529443 -0.274901 0.802570
vn 0.549682 0.000000 0.835374
vn 0.515151 0.000000 0.857099
vn 0.515151 0.000000 0.857099
vn 0.549682 0.000000 0.835374
vn 0.529443 0.274902 0.802570
vn 0.496388 0.271779 0.824460
vn 0.482908 0.000000 0.875671
vn 0.515151 0.000000 0.857099
vn 0.496388 0.271779 0.824460
vn 0.465321 0.269887 0.842993
vn 0.406269 -0.270358 0.872841
vn 0.435482 -0.269385 0.858946
vn 0.452141 0.000001 0.891946
vn 0.422202 0.000001 0.906502
vn 0.435482 -0.269385 0.858946
vn 0.465321 -0.269886 0.842993
vn 0.482908 0.000000 0.875671
vn 0.452141 0.000001 0.891946
vn 0.452141 0.000001 0.891946
vn 0.482908 0.000000 0.875671
vn 0.465321 0.269887 0.842993
vn 0.435482 0.269385 0.858945
vn 0.422202 0.000001 0.906502
vn 0.452141 0.000001 0.891946
vn 0.435482 0.269385 0.858945
vn 0.406270 0.270358 0.872841
vn -0.113260 0.960732 -0.253310
vn 0.000912 0.999999 0.000794
vn 0.000630 0.999999 0.000821
vn -0.127597 0.960001 -0.249233
vn 0.000912 0.999999 0.000794
vn 0.117965 0.959613 0.255397
vn 0.128535 0.958982 0.252650
vn 0.000630 0.999999 0.000821
vn 0.000630 0.999999 0.000821
vn 0.128535 0.958982 0.252650
vn 0.138153 0.959193 0.246705
vn 0.000315 1.000000 0.000839
vn -0.127597 0.960001 -0.249233
vn 0.000630 0.999999 0.000821
vn 0.000315 1.000000 0.000839
vn -0.141277 0.959998 -0.241752
vn -0.141277 0.959998 -0.241752
vn 0.000315 1.000000 0.000839
vn -0.000023 1.000000 0.000848
vn -0.154291 0.960628 -0.231058
vn 0.000315 1.000000 0.000839
vn 0.138153 0.959193 0.246705
vn 0.146834 0.960171 0.237720
vn -0.000023 1.000000 0.000848
vn -0.000023 1.000000 0.000848
vn 0.146834 0.960171 0.237720
vn 0.154776 0.961753 0.225999
vn -0.000373 1.000000 0.000843
vn -0.154291 0.960628 -0.231058
vn -0.000023 1.000000 0.000848
vn -0.000373 1.000000 0.000843
vn -0.166858 0.961693 -0.217496
vn -0.390471 -0.272065 -0.879496
vn -0.405563 0.000000 -0.914067
vn -0.457315 0.000000 -0.889305
vn -0.440164 -0.270864 -0.856089
vn -0.405563 0.000000 -0.914067
vn -0.390471 0.272066 -0.879496
vn -0.440164 0.270864 -0.856089
vn -0.457315 0.000000 -0.889305
vn -0.457315 0.000000 -0.889305
vn -0.440164 0.270864 -0.856089
vn -0.491097 0.270862 -0.827924
vn -0.510503 0.000000 -0.859876
vn -0.440164 -0.270864 -0.856089
vn -0.457315 0.000000 -0.889305
vn -0.510503 0.000000 -0.859876
vn -0.491097 -0.270862 -0.827924
vn -0.491097 -0.270862 -0.827924
vn -0.510503 0.000000 -0.859876
vn -0.565713 0.000000 -0.824603
vn -0.543820 -0.271851 -0.793950
vn -0.510503 0.000000 -0.859876
vn -0.491097 0.270862 -0.827924
vn -0.543820 0.271852 -0.793950
vn -0.565713 0.000000 -0.824603
vn -0.565713 0.000000 -0.824603
vn -0.543820 0.271852 -0.793950
vn -0.598890 0.273446 -0.752701
vn -0.623488 0.000000 -0.781833
vn -0.543820 -0.271851 -0.793950
vn -0.565713 0.000000 -0.824603
vn -0.623488 0.000000 -0.781833
vn -0.598890 -0.273446 -0.752701
vn 0.117966 -0.959612 0.255399
vn 0.000912 -0.999999 0.000794
vn 0.000630 -1.000000 0.000821
vn 0.128536 -0.958981 0.252652
vn 0.000912 -0.999999 0.000794
vn -0.113261 -0.960732 -0.253312
vn -0.127598 -0.960000 -0.249236
vn 0.000630 -1.000000 0.000821
vn 0.000630 -1.000000 0.000821
vn -0.127598 -0.960000 -0.249236
vn -0.141278 -0.959997 -0.241755
vn 0.000315 -1.000000 0.000839
vn 0.128536 -0.958981 0.252652
vn 0.000630 -1.000000 0.000821
vn 0.000315 -1.000000 0.000839
vn 0.138154 -0.959192 0.246707
vn 0.138154 -0.959192 0.246707
vn 0.000315 -1.000000 0.000839
vn -0.000023 -1.000000 0.000848
vn 0.146835 -0.960171 0.237722
vn 0.000315 -1.000000 0.000839
vn -0.141278 -0.959997 -0.241755
vn -0.154293 -0.960627 -0.231061
vn -0.000023 -1.000000 0.000848
vn -0.000023 -1.000000 0.000848
vn -0.154293 -0.960627 -0.231061
vn -0.166859 -0.961693 -0.217498
vn -0.000373 -1.000000 0.000843
vn 0.146835 -0.960171 0.237722
vn -0.000023 -1.000000 0.000848
vn -0.000373 -1.000000 0.000843
vn 0.154777 -0.961752 0.226001
vn 0.585443 -0.284808 0.759039
vn 0.606041 -0.290394 0.740531
vn 0.631719 0.000000 0.775197
vn 0.609245 0.000000 0.792982
vn 0.606041 -0.290394 0.740531
vn 0.619933 -0.296819 0.726348
vn 0.647582 -0.000000 0.761995
vn 0.631719 0.000000 0.775197
vn 0.631719 0.000000 0.775197
vn 0.647582 -0.000000 0.761995
vn 0.619933 0.296820 0.726348
vn 0.606041 0.290395 0.740530
vn 0.609245 0.000000 0.792982
vn 0.631719 0.000000 0.775197
vn 0.606041 0.290395 0.740530
vn 0.585443 0.284808 0.759039
vn 0.529443 -0.274901 0.802570
vn 0.560613 -0.279365 0.779531
vn 0.582584 0.000000 0.812771
vn 0.549682 0.000000 0.835374
vn 0.560613 -0.279365 0.779531
vn 0.585443 -0.284808 0.759039
vn 0.609245 0.000000 0.792982
vn 0.582584 0.000000 0.812771
vn 0.582584 0.000000 0.812771
vn 0.609245 0.000000 0.792982
vn 0.585443 0.284808 0.759039
vn 0.560613 0.279365 0.779531
vn 0.549682 0.000000 0.835374
vn 0.582584 0.000000 0.812771
vn 0.560613 0.279365 0.779531
vn 0.529443 0.274902 0.802570
vn -0.166858 0.961693 -0.217496
vn -0.000373 1.000000 0.000843
vn -0.001332 0.999999 0.000404
vn -0.177783 0.962799 -0.203500
vn -0.000373 1.000000 0.000843
vn 0.154776 0.961753 0.225999
vn 0.160074 0.964019 0.212237
vn -0.001332 0.999999 0.000404
vn -0.001332 0.999999 0.000404
vn 0.160074 0.964019 0.212237
vn 0.161951 0.966571 0.198778
vn -0.002247 0.999997 0.000022
vn -0.177783 0.962799 -0.203500
vn -0.001332 0.999999 0.000404
vn -0.002247 0.999997 0.000022
vn -0.184312 0.964259 -0.190352
vn -0.184312 0.964259 -0.190352
vn -0.002247 0.999997 0.000022
vn -0.001294 0.999998 0.001488
vn -0.184757 0.966949 -0.175709
vn -0.002247 0.999997 0.000022
vn 0.161951 0.966571 0.198778
vn 0.163494 0.968392 0.188378
vn -0.001294 0.999998 0.001488
vn -0.001294 0.999998 0.001488
vn 0.163494 0.968392 0.188378
vn 0.162004 0.970385 0.179185
vn -0.000202 0.999995 0.003015
vn -0.184757 0.966949 -0.175709
vn -0.001294 0.999998 0.001488
vn -0.000202 0.999995 0.003015
vn -0.180428 0.970084 -0.162426
vn -0.598890 -0.273446 -0.752701
vn -0.623488 0.000000 -0.781833
vn -0.675605 0.000000 -0.737264
vn -0.648489 -0.275175 -0.709747
vn -0.623488 0.000000 -0.781833
vn -0.598890 0.273446 -0.752701
vn -0.648489 0.275176 -0.709747
vn -0.675605 0.000000 -0.737264
vn -0.675605 0.000000 -0.737264
vn -0.648489 0.275176 -0.709747
vn -0.685662 0.277693 -0.672870
vn -0.714949 0.000000 -0.699176
vn -0.648489 -0.275175 -0.709747
vn -0.675605 0.000000 -0.737264
vn -0.714949 0.000000 -0.699176
vn -0.685662 -0.277692 -0.672871
vn -0.685662 -0.277692 -0.672871
vn -0.714949 0.000000 -0.699176
vn -0.745476 0.000000 -0.666533
vn -0.713995 -0.281697 -0.640982
vn -0.714949 0.000000 -0.699176
vn -0.685662 0.277693 -0.672870
vn -0.713995 0.281697 -0.640982
vn -0.745476 0.000000 -0.666533
vn -0.745476 0.000000 -0.666533
vn -0.713995 0.281697 -0.640982
vn -0.731154 0.287259 -0.618786
vn -0.764759 0.000000 -0.644317
vn -0.713995 -0.281697 -0.640982
vn -0.745476 0.000000 -0.666533
vn -0.764759 0.000000 -0.644317
vn -0.731154 -0.287259 -0.618786
vn 0.154777 -0.961752 0.226001
vn -0.000373 -1.000000 0.000843
vn -0.001332 -0.999999 0.000404
vn 0.160075 -0.964018 0.212239
vn -0.000373 -1.000000 0.000843
vn -0.166859 -0.961693 -0.217498
vn -0.177785 -0.962798 -0.203502
vn -0.001332 -0.999999 0.000404
vn -0.001332 -0.999999 0.000404
vn -0.177785 -0.962798 -0.203502
vn -0.184314 -0.964258 -0.190353
vn -0.002247 -0.999997 0.000022
vn 0.160075 -0.964018 0.212239
vn -0.001332 -0.999999 0.000404
vn -0.002247 -0.999997 0.000022
vn 0.161952 -0.966570 0.198780
vn 0.161952 -0.966570 0.198780
vn -0.002247 -0.999997 0.000022
vn -0.001294 -0.999998 0.001488
vn 0.163496 -0.968392 0.188379
vn -0.002247 -0.999997 0.000022
vn -0.184314 -0.964258 -0.190353
vn -0.184759 -0.966949 -0.175711
vn -0.001294 -0.999998 0.001488
vn -0.001294 -0.999998 0.001488
vn -0.184759 -0.966949 -0.175711
vn -0.180429 -0.970084 -0.162427
vn -0.000202 -0.999996 0.003014
vn 0.163496 -0.968392 0.188379
vn -0.001294 -0.999998 0.001488
vn -0.000202 -0.999996 0.003014
vn 0.162006 -0.970385 0.179186
vn 0.619933 -0.296819 0.726348
vn 0.625466 -0.304720 0.718288
vn 0.655142 -0.000000 0.755506
vn 0.647582 -0.000000 0.761995
vn 0.625466 -0.304720 0.718288
vn 0.623370 -0.324863 0.711248
vn 0.657439 0.000000 0.753508
vn 0.655142 -0.000000 0.755506
vn 0.655142 -0.000000 0.755506
vn 0.657439 0.000000 0.753508
vn 0.623370 0.324864 0.711248
vn 0.625466 0.304721 0.718288
vn 0.647582 -0.000000 0.761995
vn 0.655142 -0.000000 0.755506
vn 0.625466 0.304721 0.718288
vn 0.619933 0.296820 0.726348
vn -0.180428 0.970084 -0.162426
vn -0.000202 0.999995 0.003015
vn -0.000656 0.999996 0.002624
vn -0.174507 0.972664 -0.153207
vn -0.000202 0.999995 0.003015
vn 0.162004 0.970385 0.179185
vn 0.155345 0.973345 0.168724
vn -0.000656 0.999996 0.002624
vn -0.000656 0.999996 0.002624
vn 0.155345 0.973345 0.168724
vn 0.126989 0.982508 0.136209
vn -0.020110 0.999666 -0.016245
vn -0.174507 0.972664 -0.153207
vn -0.000656 0.999996 0.002624
vn -0.020110 0.999666 -0.016245
vn -0.212790 0.959667 -0.183738
vn -0.731154 -0.287259 -0.618786
vn -0.764759 0.000000 -0.644317
vn -0.773226 0.000000 -0.634130
vn -0.737621 -0.294192 -0.607755
vn -0.764759 0.000000 -0.644317
vn -0.731154 0.287259 -0.618786
vn -0.737621 0.294192 -0.607755
vn -0.773226 0.000000 -0.634130
vn -0.773226 0.000000 -0.634130
vn -0.737621 0.294192 -0.607755
vn -0.745118 0.272659 -0.608651
vn -0.775679 0.000000 -0.631128
vn -0.737621 -0.294192 -0.607755
vn -0.773226 0.000000 -0.634130
vn -0.775679 0.000000 -0.631128
vn -0.745118 -0.272658 -0.608651
vn 0.162006 -0.970385 0.179186
vn -0.000202 -0.999996 0.003014
vn -0.000656 -0.999996 0.002624
vn 0.155347 -0.973344 0.168725
vn -0.000202 -0.999996 0.003014
vn -0.180429 -0.970084 -0.162427
vn -0.174508 -0.972663 -0.153208
vn -0.000656 -0.999996 0.002624
vn -0.000656 -0.999996 0.002624
vn -0.174508 -0.972663 -0.153208
vn -0.212792 -0.959666 -0.183740
vn -0.020110 -0.999666 -0.016245
vn 0.155347 -0.973344 0.168725
vn -0.000656 -0.999996 0.002624
vn -0.020110 -0.999666 -0.016245
vn 0.126990 -0.982507 0.136210
vn 0.281721 0.000000 -0.959496
vn 0.224365 0.000000 -0.974505
vn 0.216846 0.000000 -0.976206
vn 0.281721 0.000000 -0.959496
vn -0.089729 -0.995966 0.000000
vn -0.067154 -0.997743 0.000000
vn -0.056172 -0.998421 0.000000
vn -0.089729 -0.995966 0.000000
vn -0.577176 0.000000 0.816620
vn -0.555293 0.000000 0.831655
vn -0.557475 0.000000 0.830194
vn -0.577176 0.000000 0.816620
vn 0.117408 0.993084 0.000000
vn 0.122471 0.992472 0.000000
vn 0.120824 0.992674 0.000000
vn 0.117408 0.993084 0.000000
vn 1.000000 0.000000 0.000000
vn 1.000000 0.000000 0.000000
vn 1.000000 0.000000 0.000000
vn 1.000000 0.000000 0.000000
vn -1.000000 0.000000 0.000000
vn -1.000000 0.000000 0.000000
vn -1.000000 0.000000 0.000000
vn -1.000000 0.000000 0.000000
vn -0.555293 0.000000 0.831655
vn -0.492082 0.000000 0.870549
vn -0.495745 0.000000 0.868468
vn -0.557475 0.000000 0.830194
vn 0.120824 0.992674 0.000000
vn 0.122471 0.992472 0.000000
vn 0.097915 0.995195 0.000000
vn 0.105451 0.994425 0.000000
vn 0.216846 0.000000 -0.976206
vn 0.224365 0.000000 -0.974505
vn 0.113231 0.000000 -0.993569
vn 0.108863 0.000000 -0.994057
vn -0.056172 -0.998421 0.000000
vn -0.067154 -0.997743 0.000000
vn -0.040334 -0.999186 0.000000
vn -0.038546 -0.999257 0.000000
vn -0.492082 0.000000 0.870549
vn -0.425069 0.000000 0.905161
vn -0.426518 0.000000 0.904479
vn -0.495745 0.000000 0.868468
vn 0.105451 0.994425 0.000000
vn 0.097915 0.995195 0.000000
vn 0.118672 0.992934 0.000000
vn 0.110378 0.993890 0.000000
vn 0.108863 0.000000 -0.994057
vn 0.113231 0.000000 -0.993569
vn 0.072279 0.000000 -0.997384
vn 0.074115 0.000000 -0.997250
vn -0.038546 -0.999257 0.000000
vn -0.040334 -0.999186 0.000000
vn -0.044349 -0.999016 0.000000
vn -0.047298 -0.998881 0.000000
vn -0.425069 0.000000 0.905161
vn -0.330804 0.000000 0.943700
vn -0.335566 0.000000 0.942017
vn -0.426518 0.000000 0.904479
vn 0.110378 0.993890 0.000000
vn 0.118672 0.992934 0.000000
vn 0.058419 0.998292 0.000000
vn 0.083316 0.996523 0.000000
vn 0.074115 0.000000 -0.997250
vn 0.072279 0.000000 -0.997384
vn 0.194767 0.000000 -0.980850
vn 0.201520 0.000000 -0.979484
vn -0.047298 -0.998881 0.000000
vn -0.044349 -0.999016 0.000000
vn -0.032572 -0.999469 0.000000
vn -0.022767 -0.999741 0.000000
vn -0.330804 0.000000 0.943700
vn -0.226982 0.000000 0.973899
vn -0.226982 0.000000 0.973899
vn -0.335566 0.000000 0.942017
vn 0.083316 0.996523 0.000000
vn 0.058419 0.998292 0.000000
vn 0.014154 0.999900 0.000000
vn 0.005504 0.999985 0.000000
vn 0.201520 0.000000 -0.979484
vn 0.194767 0.000000 -0.980850
vn 0.651784 0.000000 -0.758405
vn 0.652991 0.000000 -0.757365
vn -0.022767 -0.999741 0.000000
vn -0.032572 -0.999469 0.000000
vn 0.000000 -1.000000 0.000000
vn 0.000000 -1.000000 0.000000
vn -0.110731 0.000000 0.993851
vn 0.021709 0.000000 0.999764
vn 0.021709 0.000000 0.999764
vn -0.111793 0.000000 0.993732
vn 0.018702 0.999825 0.000000
vn 0.014490 0.999895 0.000000
vn 0.127513 0.991837 0.000000
vn 0.085317 0.996354 0.000000
vn 0.609393 0.000000 -0.792868
vn 0.611151 0.000000 -0.791514
vn 0.369978 0.000000 -0.929041
vn 0.398241 0.000000 -0.917281
vn 0.000000 -1.000000 0.000000
vn 0.000000 -1.000000 0.000000
vn -0.007815 -0.999969 0.000000
vn -0.011949 -0.999929 0.000000
vn 0.199435 0.000000 0.979911
vn 0.322343 0.000000 0.946623
vn 0.322344 0.000000 0.946623
vn 0.203011 0.000000 0.979176
vn -0.092577 0.995706 0.000000
vn -0.077230 0.997013 0.000000
vn -0.188023 0.982165 0.000000
vn -0.164853 0.986318 0.000000
vn 0.003579 0.000000 -0.999994
vn -0.001436 0.000000 -0.999999
vn -0.251513 0.000000 -0.967854
vn -0.241730 0.000000 -0.970344
vn -0.045329 -0.998972 0.000000
vn -0.042892 -0.999080 0.000000
vn 0.033769 -0.999430 0.000000
vn 0.017700 -0.999843 0.000000
vn 0.454256 0.000000 0.890871
vn 0.653740 0.000000 0.756719
vn 0.659730 0.000000 0.751503
vn 0.467451 0.000000 0.884019
vn -0.044846 0.998994 0.000000
vn -0.068011 0.997685 0.000000
vn 0.000000 1.000000 0.000000
vn 0.000000 1.000000 0.000000
vn -0.152969 0.000000 -0.988231
vn -0.132225 0.000000 -0.991220
vn 0.000735 0.000000 -1.000000
vn 0.001714 0.000000 -0.999999
vn 0.124412 -0.992231 0.000000
vn 0.153914 -0.988084 0.000000
vn 0.162582 -0.986695 0.000000
vn 0.192710 -0.981256 0.000000
vn 0.653740 0.000000 0.756719
vn 0.783108 0.000000 0.621886
vn 0.783108 0.000000 0.621886
vn 0.659730 0.000000 0.751503
vn 0.000000 1.000000 0.000000
vn 0.000000 1.000000 0.000000
vn 0.000000 1.000000 0.000000
vn 0.000000 1.000000 0.000000
vn 0.001714 0.000000 -0.999999
vn 0.000735 0.000000 -1.000000
vn -0.021838 0.000000 -0.999762
vn -0.021838 0.000000 -0.999762
vn 0.192710 -0.981256 0.000000
vn 0.162582 -0.986695 0.000000
vn 0.000000 -1.000000 0.000000
vn 0.000000 -1.000000 0.000000
vn -0.226982 0.000000 0.973899
vn -0.110731 0.000000 0.993851
vn -0.111793 0.000000 0.993732
vn -0.226982 0.000000 0.973899
vn 0.005504 0.999985 0.000000
vn 0.014154 0.999900 0.000000
vn 0.014490 0.999895 0.000000
vn 0.018702 0.999825 0.000000
vn 0.652991 0.000000 -0.757365
vn 0.651784 0.000000 -0.758405
vn 0.611151 0.000000 -0.791514
vn 0.609393 0.000000 -0.792868
vn 0.000000 -1.000000 0.000000
vn 0.000000 -1.000000 0.000000
vn 0.000000 -1.000000 0.000000
vn 0.000000 -1.000000 0.000000
vn 0.021709 0.000000 0.999764
vn 0.021709 0.000000 0.999764
vn 0.021709 0.000000 0.999764
vn 0.021709 0.000000 0.999764
vn 0.085317 0.996354 0.000000
vn 0.127513 0.991837 0.000000
vn 0.184012 0.982924 0.000000
vn 0.211684 0.977338 0.000000
vn 0.398241 0.000000 -0.917281
vn 0.369978 0.000000 -0.929041
vn 0.538793 0.000000 -0.842438
vn 0.514464 0.000000 -0.857512
vn -0.011949 -0.999929 0.000000
vn -0.007815 -0.999969 0.000000
vn -0.040353 -0.999186 0.000000
vn -0.044910 -0.998991 0.000000
vn 0.021709 0.000000 0.999764
vn 0.199435 0.000000 0.979911
vn 0.203011 0.000000 0.979176
vn 0.021709 0.000000 0.999764
vn 0.211684 0.977338 0.000000
vn 0.184012 0.982924 0.000000
vn -0.077230 0.997013 0.000000
vn -0.092577 0.995706 0.000000
vn 0.514464 0.000000 -0.857512
vn 0.538793 0.000000 -0.842438
vn -0.001436 0.000000 -0.999999
vn 0.003579 0.000000 -0.999994
vn -0.044910 -0.998991 0.000000
vn -0.040353 -0.999186 0.000000
vn -0.042892 -0.999080 0.000000
vn -0.045329 -0.998972 0.000000
vn 0.322343 0.000000 0.946623
vn 0.454256 0.000000 0.890871
vn 0.467451 0.000000 0.884019
vn 0.322344 0.000000 0.946623
vn -0.164853 0.986318 0.000000
vn -0.188023 0.982165 0.000000
vn -0.068011 0.997685 0.000000
vn -0.044846 0.998994 0.000000
vn -0.241730 0.000000 -0.970344
vn -0.251513 0.000000 -0.967854
vn -0.132225 0.000000 -0.991220
vn -0.152969 0.000000 -0.988231
vn 0.017700 -0.999843 0.000000
vn 0.033769 -0.999430 0.000000
vn 0.153914 -0.988084 0.000000
vn 0.124412 -0.992231 0.000000
s off
g CableCutter_WS
usemtl CableCutter_WS_Mat
f 3/1/1 4/2/2 6/3/3 5/4/4
f 4/2/5 3/1/6 33/5/7 34/6/8
f 5/4/9 6/3/10 8/7/11 7/8/12
f 7/8/13 8/7/14 10/9/15 9/10/16
f 9/10/17 10/9/18 12/11/19 11/12/20
f 11/12/21 12/11/22 14/13/23 13/14/24
f 13/14/25 14/13/26 16/15/27 15/16/28
f 15/16/29 16/15/30 18/17/31 17/18/32
f 17/18/33 18/17/34 20/19/35 19/20/36
f 19/20/37 20/19/38 22/21/39 21/22/40
f 21/22/41 22/21/42 24/23/43 23/24/44
f 23/24/45 24/23/46 26/25/47 25/26/48
f 25/26/49 26/25/50 28/27/51 27/28/52
f 27/28/53 28/27/54 30/29/55 29/30/56
f 29/30/57 30/29/58 32/31/59 31/32/60
f 31/32/61 32/31/62 34/6/63 33/5/64
f 35/33/65 36/34/66 66/35/67 65/36/68
f 36/34/69 35/33/70 37/37/71 38/38/72
f 38/38/73 37/37/74 39/39/75 40/40/76
f 40/40/77 39/39/78 41/41/79 42/42/80
f 42/42/81 41/41/82 43/43/83 44/44/84
f 44/44/85 43/43/86 45/45/87 46/46/88
f 46/46/89 45/45/90 47/47/91 48/48/92
f 48/48/93 47/47/94 49/49/95 50/50/96
f 50/50/97 49/49/98 51/51/99 52/52/100
f 52/52/101 51/51/102 53/53/103 54/54/104
f 54/54/105 53/53/106 55/55/107 56/56/108
f 56/56/109 55/55/110 57/57/111 58/58/112
f 58/58/113 57/57/114 59/59/115 60/60/116
f 60/60/117 59/59/118 61/61/119 62/62/120
f 62/62/121 61/61/122 63/63/123 64/64/124
f 64/64/125 63/63/126 65/36/127 66/35/128
f 3/65/129 5/66/130 37/67/131 35/68/132
f 5/66/133 7/69/134 39/70/135 37/67/136
f 7/69/137 9/71/138 41/72/139 39/70/140
f 9/71/141 11/73/142 43/74/143 41/72/144
f 11/75/145 13/76/146 45/77/147 43/78/148
f 13/76/149 15/79/150 47/80/151 45/77/152
f 15/79/153 17/81/154 49/82/155 47/80/156
f 17/81/157 19/83/158 51/84/159 49/82/160
f 19/83/161 21/85/162 53/86/163 51/84/164
f 21/85/165 23/87/166 55/88/167 53/86/168
f 23/87/169 25/89/170 57/90/171 55/88/172
f 25/89/173 27/91/174 59/92/175 57/90/176
f 27/91/177 29/93/178 61/94/179 59/92/180
f 29/93/181 31/95/182 63/96/183 61/94/184
f 31/95/185 33/97/186 65/98/187 63/96/188
f 33/97/189 3/65/190 35/68/191 65/98/192
f 6/3/193 4/2/194 1/99/195
f 8/7/196 6/3/197 1/99/198
f 10/9/199 8/7/200 1/99/201
f 12/11/202 10/9/203 1/99/204
f 14/13/205 12/11/206 1/99/207
f 16/15/208 14/13/209 1/99/210
f 18/17/211 16/15/212 1/99/213
f 20/19/214 18/17/215 1/99/216
f 22/21/217 20/19/218 1/99/219
f 24/23/220 22/21/221 1/99/222
f 26/25/223 24/23/224 1/99/225
f 28/27/226 26/25/227 1/99/228
f 30/29/229 28/27/230 1/99/231
f 32/31/232 30/29/233 1/99/234
f 34/6/235 32/31/236 1/99/237
f 4/2/238 34/6/239 1/99/240
f 36/34/241 38/38/242 2/100/243
f 38/38/244 40/40/245 2/100/246
f 40/40/247 42/42/248 2/100/249
f 42/42/250 44/44/251 2/100/252
f 44/44/253 46/46/254 2/100/255
f 46/46/256 48/48/257 2/100/258
f 48/48/259 50/50/260 2/100/261
f 50/50/262 52/52/263 2/100/264
f 52/52/265 54/54/266 2/100/267
f 54/54/268 56/56/269 2/100/270
f 56/56/271 58/58/272 2/100/273
f 58/58/274 60/60/275 2/100/276
f 60/60/277 62/62/278 2/100/279
f 62/62/280 64/64/281 2/100/282
f 64/64/283 66/35/284 2/100/285
f 66/35/286 36/34/287 2/100/288
f 67/101/289 68/102/290 88/103/291 87/104/292
f 68/105/293 69/106/294 89/107/295 88/108/296
f 69/106/297 70/109/298 90/110/299 89/107/300
f 70/109/301 71/111/302 91/112/303 90/110/304
f 71/111/305 72/113/306 92/114/307 91/112/308
f 72/113/309 73/115/310 93/116/311 92/114/312
f 73/115/313 74/117/314 94/118/315 93/116/316
f 74/117/317 75/119/318 95/120/319 94/118/320
f 75/119/321 76/121/322 96/122/323 95/120/324
f 76/121/325 77/123/326 97/124/327 96/122/328
f 77/123/329 78/125/330 98/126/331 97/124/332
f 78/125/333 79/127/334 99/128/335 98/126/336
f 79/127/337 80/129/338 100/130/339 99/128/340
f 80/129/341 81/131/342 101/132/343 100/130/344
f 81/131/345 82/133/346 102/134/347 101/132/348
f 82/133/349 83/135/350 103/136/351 102/134/352
f 83/135/353 84/137/354 104/138/355 103/136/356
f 84/137/357 85/139/358 105/140/359 104/138/360
f 85/139/361 86/141/362 106/142/363 105/140/364
f 86/141/365 67/101/366 87/104/367 106/142/368
f 107/143/369 108/144/370 128/145/371 127/146/372
f 108/147/373 109/148/374 129/149/375 128/150/376
f 109/148/377 110/151/378 130/152/379 129/149/380
f 110/151/381 111/153/382 131/154/383 130/152/384
f 111/153/385 112/155/386 132/156/387 131/154/388
f 112/155/389 113/157/390 133/158/391 132/156/392
f 113/157/393 114/159/394 134/160/395 133/158/396
f 114/159/397 115/161/398 135/162/399 134/160/400
f 115/161/401 116/163/402 136/164/403 135/162/404
f 116/163/405 117/165/406 137/166/407 136/164/408
f 117/165/409 118/167/410 138/168/411 137/166/412
f 118/167/413 119/169/414 139/170/415 138/168/416
f 119/169/417 120/171/418 140/172/419 139/170/420
f 120/171/421 121/173/422 141/174/423 140/172/424
f 121/173/425 122/175/426 142/176/427 141/174/428
f 122/175/429 123/177/430 143/178/431 142/176/432
f 123/177/433 124/179/434 144/180/435 143/178/436
f 124/179/437 125/181/438 145/182/439 144/180/440
f 125/181/441 126/183/442 146/184/443 145/182/444
f 126/183/445 107/143/446 127/146/447 146/184/448
f 147/185/449 148/186/450 168/187/451 167/188/452
f 148/189/453 149/190/454 169/191/455 168/192/456
f 149/190/457 150/193/458 170/194/459 169/191/460
f 150/193/461 151/195/462 171/196/463 170/194/464
f 151/195/465 152/197/466 172/198/467 171/196/468
f 152/197/469 153/199/470 173/200/471 172/198/472
f 153/199/473 154/201/474 174/202/475 173/200/476
f 154/201/477 155/203/478 175/204/479 174/202/480
f 155/203/481 156/205/482 176/206/483 175/204/484
f 156/205/485 157/207/486 177/208/487 176/206/488
f 157/207/489 158/209/490 178/210/491 177/208/492
f 158/209/493 159/211/494 179/212/495 178/210/496
f 159/211/497 160/213/498 180/214/499 179/212/500
f 160/213/501 161/215/502 181/216/503 180/214/504
f 161/215/505 162/217/506 182/218/507 181/216/508
f 162/217/509 163/219/510 183/220/511 182/218/512
f 163/219/513 164/221/514 184/222/515 183/220/516
f 164/221/517 165/223/518 185/224/519 184/222/520
f 165/223/521 166/225/522 186/226/523 185/224/524
f 166/225/525 147/185/526 167/188/527 186/226/528
f 187/227/529 188/228/530 208/229/531 207/230/532
f 188/228/533 189/231/534 209/232/535 208/229/536
f 189/231/537 190/233/538 210/234/539 209/232/540
f 190/233/541 191/235/542 211/236/543 210/234/544
f 191/235/545 192/237/546 212/238/547 211/236/548
f 192/237/549 193/239/550 213/240/551 212/238/552
f 193/239/553 194/241/554 214/242/555 213/240/556
f 194/241/557 195/243/558 215/244/559 214/242/560
f 195/243/561 196/245/562 216/246/563 215/244/564
f 196/245/565 197/247/566 217/248/567 216/246/568
f 197/247/569 198/249/570 218/250/571 217/248/572
f 198/249/573 199/251/574 219/252/575 218/250/576
f 199/251/577 200/253/578 220/254/579 219/252/580
f 200/253/581 201/255/582 221/256/583 220/254/584
f 201/255/585 202/257/586 222/258/587 221/256/588
f 202/257/589 203/259/590 223/260/591 222/258/592
f 203/259/593 204/261/594 224/262/595 223/260/596
f 204/261/597 205/263/598 225/264/599 224/262/600
f 205/263/601 206/265/602 226/266/603 225/264/604
f 206/265/605 187/267/606 207/268/607 226/266/608
f 227/269/609 230/270/610 229/271/611 228/272/612
f 231/273/613 229/271/614 230/270/615 232/274/616
f 233/275/617 232/276/618 230/277/619 227/278/620
f 234/279/621 233/280/622 227/281/623 228/282/624
f 231/283/625 234/284/626 228/285/627 229/286/628
f 235/287/629 239/288/630 240/289/631 236/290/632
f 237/291/633 236/290/634 240/289/635 241/292/636
f 238/293/637 237/291/638 241/292/639 242/294/640
f 235/287/641 238/293/642 242/294/643 239/288/644
f 239/288/645 231/273/646 232/274/647 240/289/648
f 241/292/649 240/289/650 232/276/651 233/275/652
f 242/294/653 241/292/654 233/280/655 234/279/656
f 239/288/657 242/294/658 234/284/659 231/283/660
f 236/290/661 237/291/662 238/293/663 235/287/664
f 243/295/665 462/296/666 573/297/667 465/298/668
f 462/296/669 299/299/670 463/300/671 573/297/672
f 573/297/673 463/300/674 300/301/675 464/302/676
f 465/298/677 573/297/678 464/302/679 248/303/680
f 299/299/681 462/296/682 574/304/683 468/305/684
f 462/296/685 243/295/686 466/306/687 574/304/688
f 574/304/689 466/306/690 301/307/691 467/308/692
f 468/305/693 574/304/694 467/308/695 333/309/696
f 333/309/697 467/308/698 575/310/699 471/311/700
f 467/308/701 301/307/702 469/312/703 575/310/704
f 575/310/705 469/312/706 244/313/707 470/314/708
f 471/311/709 575/310/710 470/314/711 302/315/712
f 302/315/713 470/314/714 576/316/715 474/317/716
f 470/314/717 244/313/718 472/318/719 576/316/720
f 576/316/721 472/318/722 303/319/723 473/320/724
f 474/317/725 576/316/726 473/320/727 334/321/728
f 334/321/729 473/320/730 577/322/731 477/323/732
f 473/320/733 303/319/734 475/324/735 577/322/736
f 577/322/737 475/324/738 253/325/739 476/326/740
f 477/323/741 577/322/742 476/326/743 304/327/744
f 245/328/745 478/329/746 578/330/747 481/331/748
f 478/329/749 246/332/750 479/333/751 578/330/752
f 578/330/753 479/333/754 305/334/755 480/335/756
f 481/331/757 578/330/758 480/335/759 306/336/760
f 246/332/761 478/329/762 579/337/763 484/338/764
f 478/329/765 245/328/766 482/339/767 579/337/768
f 579/337/769 482/339/770 307/340/771 483/341/772
f 484/338/773 579/337/774 483/341/775 308/342/776
f 308/342/777 483/341/778 580/343/779 487/344/780
f 483/341/781 307/340/782 485/345/783 580/343/784
f 580/343/785 485/345/786 285/346/787 486/347/788
f 487/344/789 580/343/790 486/347/791 247/348/792
f 247/348/793 486/347/794 581/349/795 490/350/796
f 486/347/797 285/346/798 488/351/799 581/349/800
f 581/349/801 488/351/802 345/352/803 489/353/804
f 490/350/805 581/349/806 489/353/807 309/354/808
f 309/354/809 489/353/810 582/355/811 493/356/812
f 489/353/813 345/352/814 491/357/815 582/355/816
f 582/355/817 491/357/818 287/358/819 492/359/820
f 493/356/821 582/355/822 492/359/823 254/360/824
f 306/336/825 480/335/826 583/361/827 496/362/828
f 480/335/829 305/334/830 494/363/831 583/361/832
f 583/361/833 494/363/834 310/364/835 495/365/836
f 496/362/837 583/361/838 495/365/839 335/366/840
f 335/366/841 495/365/842 584/367/843 499/368/844
f 495/365/845 310/364/846 497/369/847 584/367/848
f 584/367/849 497/369/850 286/370/851 498/371/852
f 499/368/853 584/367/854 498/371/855 311/372/856
f 311/372/857 498/371/858 585/373/859 502/374/860
f 498/371/861 286/370/862 500/375/863 585/373/864
f 585/373/865 500/375/866 346/376/867 501/377/868
f 502/374/869 585/373/870 501/377/871 336/378/872
f 336/378/873 501/377/874 586/379/875 505/380/876
f 501/377/877 346/376/878 503/381/879 586/379/880
f 586/379/881 503/381/882 288/382/883 504/383/884
f 505/380/885 586/379/886 504/383/887 312/384/888
f 248/303/889 464/302/890 587/385/891 508/386/892
f 464/302/893 300/301/894 506/387/895 587/385/896
f 587/385/897 506/387/898 313/388/899 507/389/900
f 508/386/901 587/385/902 507/389/903 314/390/904
f 314/390/905 507/389/906 588/391/907 511/392/908
f 507/389/909 313/388/910 509/393/911 588/391/912
f 588/391/913 509/393/914 249/394/915 510/395/916
f 511/392/917 588/391/918 510/395/919 250/396/920
f 250/396/921 510/395/922 589/397/923 514/398/924
f 510/395/925 249/394/926 512/399/927 589/397/928
f 589/397/929 512/399/930 315/400/931 513/401/932
f 514/398/933 589/397/934 513/401/935 316/402/936
f 316/402/937 513/401/938 590/403/939 517/404/940
f 513/401/941 315/400/942 515/405/943 590/403/944
f 590/403/945 515/405/946 251/406/947 516/407/948
f 517/404/949 590/403/950 516/407/951 252/408/952
f 312/384/953 504/383/954 591/409/955 520/410/956
f 504/383/957 288/382/958 518/411/959 591/409/960
f 591/409/961 518/411/962 348/412/963 519/413/964
f 520/410/965 591/409/966 519/413/967 337/414/968
f 337/414/969 519/413/970 592/415/971 523/416/972
f 519/413/973 348/412/974 521/417/975 592/415/976
f 592/415/977 521/417/978 290/418/979 522/419/980
f 523/416/981 592/415/982 522/419/983 317/420/984
f 252/408/985 516/407/986 593/421/987 526/422/988
f 516/407/989 251/406/990 524/423/991 593/421/992
f 593/421/993 524/423/994 318/424/995 525/425/996
f 526/422/997 593/421/998 525/425/999 319/426/1000
f 319/426/1001 525/425/1002 594/427/1003 529/428/1004
f 525/425/1005 318/424/1006 527/429/1007 594/427/1008
f 594/427/1009 527/429/1010 255/430/1011 528/431/1012
f 529/428/1013 594/427/1014 528/431/1015 256/432/1016
f 304/327/1017 476/326/1018 595/433/1019 532/434/1020
f 476/326/1021 253/325/1022 530/435/1023 595/433/1024
f 595/433/1025 530/435/1026 320/436/1027 531/437/1028
f 532/434/1029 595/433/1030 531/437/1031 338/438/1032
f 338/438/1033 531/437/1034 596/439/1035 535/440/1036
f 531/437/1037 320/436/1038 533/441/1039 596/439/1040
f 596/439/1041 533/441/1042 257/442/1043 534/443/1044
f 535/440/1045 596/439/1046 534/443/1047 321/444/1048
f 254/360/1049 492/359/1050 597/445/1051 538/446/1052
f 492/359/1053 287/358/1054 536/447/1055 597/445/1056
f 597/445/1057 536/447/1058 347/448/1059 537/449/1060
f 538/446/1061 597/445/1062 537/449/1063 322/450/1064
f 322/450/1065 537/449/1066 598/451/1067 541/452/1068
f 537/449/1069 347/448/1070 539/453/1071 598/451/1072
f 598/451/1073 539/453/1074 289/454/1075 540/455/1076
f 541/452/1077 598/451/1078 540/455/1079 258/456/1080
f 317/420/1081 522/419/1082 599/457/1083 544/458/1084
f 522/419/1085 290/418/1086 542/459/1087 599/457/1088
f 599/457/1089 542/459/1090 350/460/1091 543/461/1092
f 544/458/1093 599/457/1094 543/461/1095 339/462/1096
f 339/462/1097 543/461/1098 600/463/1099 547/464/1100
f 543/461/1101 350/460/1102 545/465/1103 600/463/1104
f 600/463/1105 545/465/1106 292/466/1107 546/467/1108
f 547/464/1109 600/463/1110 546/467/1111 323/468/1112
f 256/432/1113 528/431/1114 601/469/1115 550/470/1116
f 528/431/1117 255/430/1118 548/471/1119 601/469/1120
f 601/469/1121 548/471/1122 324/472/1123 549/473/1124
f 550/470/1125 601/469/1126 549/473/1127 325/474/1128
f 325/474/1129 549/473/1130 602/475/1131 553/476/1132
f 549/473/1133 324/472/1134 551/477/1135 602/475/1136
f 602/475/1137 551/477/1138 259/478/1139 552/479/1140
f 553/476/1141 602/475/1142 552/479/1143 260/480/1144
f 321/444/1145 534/443/1146 603/481/1147 556/482/1148
f 534/443/1149 257/442/1150 554/483/1151 603/481/1152
f 603/481/1153 554/483/1154 326/484/1155 555/485/1156
f 556/482/1157 603/481/1158 555/485/1159 340/486/1160
f 340/486/1161 555/485/1162 604/487/1163 559/488/1164
f 555/485/1165 326/484/1166 557/489/1167 604/487/1168
f 604/487/1169 557/489/1170 261/490/1171 558/491/1172
f 559/488/1173 604/487/1174 558/491/1175 327/492/1176
f 258/456/1177 540/455/1178 605/493/1179 562/494/1180
f 540/455/1181 289/454/1182 560/495/1183 605/493/1184
f 605/493/1185 560/495/1186 349/496/1187 561/497/1188
f 562/494/1189 605/493/1190 561/497/1191 328/498/1192
f 328/498/1193 561/497/1194 606/499/1195 565/500/1196
f 561/497/1197 349/496/1198 563/501/1199 606/499/1200
f 606/499/1201 563/501/1202 291/502/1203 564/503/1204
f 565/500/1205 606/499/1206 564/503/1207 262/504/1208
f 323/468/1209 546/467/1210 607/505/1211 568/506/1212
f 546/467/1213 292/466/1214 566/507/1215 607/505/1216
f 607/505/1217 566/507/1218 352/508/1219 567/509/1220
f 568/506/1221 607/505/1222 567/509/1223 341/510/1224
f 341/510/1225 567/509/1226 608/511/1227 571/512/1228
f 567/509/1229 352/508/1230 569/513/1231 608/511/1232
f 608/511/1233 569/513/1234 294/514/1235 570/515/1236
f 571/512/1237 608/511/1238 570/515/1239 329/516/1240
f 260/480/1241 552/479/1242 609/517/1243 356/518/1244
f 552/479/1245 259/478/1246 572/519/1247 609/517/1248
f 609/517/1249 572/519/1250 330/520/1251 355/521/1252
f 356/518/1253 609/517/1254 355/521/1255 331/522/1256
f 331/522/1257 355/521/1258 610/523/1259 359/524/1260
f 355/521/1261 330/520/1262 357/525/1263 610/523/1264
f 610/523/1265 357/525/1266 263/526/1267 358/527/1268
f 359/524/1269 610/523/1270 358/527/1271 264/528/1272
f 327/492/1273 558/491/1274 611/529/1275 362/530/1276
f 558/491/1277 261/490/1278 360/531/1279 611/529/1280
f 611/529/1281 360/531/1282 332/532/1283 361/533/1284
f 362/530/1285 611/529/1286 361/533/1287 342/534/1288
f 342/534/1289 361/533/1290 612/535/1291 365/536/1292
f 361/533/1293 332/532/1294 363/537/1295 612/535/1296
f 612/535/1297 363/537/1298 265/538/1299 364/539/1300
f 365/536/1301 612/535/1302 364/539/1303 273/540/1304
f 262/504/1305 564/503/1306 613/541/1307 368/542/1308
f 564/503/1309 291/502/1310 366/543/1311 613/541/1312
f 613/541/1313 366/543/1314 351/544/1315 367/545/1316
f 368/542/1317 613/541/1318 367/545/1319 274/546/1320
f 274/546/1321 367/545/1322 614/547/1323 371/548/1324
f 367/545/1325 351/544/1326 369/549/1327 614/547/1328
f 614/547/1329 369/549/1330 293/550/1331 370/551/1332
f 371/548/1333 614/547/1334 370/551/1335 266/552/1336
f 329/516/1337 570/515/1338 615/553/1339 374/554/1340
f 570/515/1341 294/514/1342 372/555/1343 615/553/1344
f 615/553/1345 372/555/1346 354/556/1347 373/557/1348
f 374/554/1349 615/553/1350 373/557/1351 343/558/1352
f 343/558/1353 373/557/1354 616/559/1355 377/560/1356
f 373/557/1357 354/556/1358 375/561/1359 616/559/1360
f 616/559/1361 375/561/1362 296/562/1363 376/563/1364
f 377/560/1365 616/559/1366 376/563/1367 275/564/1368
f 264/528/1369 358/527/1370 617/565/1371 380/566/1372
f 358/527/1373 263/526/1374 378/567/1375 617/565/1376
f 617/565/1377 378/567/1378 276/568/1379 379/569/1380
f 380/566/1381 617/565/1382 379/569/1383 277/570/1384
f 277/570/1385 379/569/1386 618/571/1387 383/572/1388
f 379/569/1389 276/568/1390 381/573/1391 618/571/1392
f 618/571/1393 381/573/1394 267/574/1395 382/575/1396
f 383/572/1397 618/571/1398 382/575/1399 268/576/1400
f 273/540/1401 364/539/1402 619/577/1403 386/578/1404
f 364/539/1405 265/538/1406 384/579/1407 619/577/1408
f 619/577/1409 384/579/1410 278/580/1411 385/581/1412
f 386/578/1413 619/577/1414 385/581/1415 344/582/1416
f 344/582/1417 385/581/1418 620/583/1419 389/584/1420
f 385/581/1421 278/580/1422 387/585/1423 620/583/1424
f 620/583/1425 387/585/1426 269/586/1427 388/587/1428
f 389/584/1429 620/583/1430 388/587/1431 279/588/1432
f 266/552/1433 370/551/1434 621/589/1435 392/590/1436
f 370/551/1437 293/550/1438 390/591/1439 621/589/1440
f 621/589/1441 390/591/1442 353/592/1443 391/593/1444
f 392/590/1445 621/589/1446 391/593/1447 280/594/1448
f 280/594/1449 391/593/1450 622/595/1451 395/596/1452
f 391/593/1453 353/592/1454 393/597/1455 622/595/1456
f 622/595/1457 393/597/1458 295/598/1459 394/599/1460
f 395/596/1461 622/595/1462 394/599/1463 270/600/1464
f 275/564/1465 376/563/1466 623/601/1467 398/602/1468
f 376/563/1469 296/562/1470 396/603/1471 623/601/1472
f 623/601/1473 396/603/1474 298/604/1475 397/605/1476
f 398/602/1477 623/601/1478 397/605/1479 281/606/1480
f 268/576/1481 382/575/1482 624/607/1483 401/608/1484
f 382/575/1485 267/574/1486 399/609/1487 624/607/1488
f 624/607/1489 399/609/1490 282/610/1491 400/611/1492
f 401/608/1493 624/607/1494 400/611/1495 271/612/1496
f 279/588/1497 388/587/1498 625/613/1499 404/614/1500
f 388/587/1501 269/586/1502 402/615/1503 625/613/1504
f 625/613/1505 402/615/1506 283/616/1507 403/617/1508
f 404/614/1509 625/613/1510 403/617/1511 284/618/1512
f 270/600/1513 394/599/1514 626/619/1515 407/620/1516
f 394/599/1517 295/598/1518 405/621/1519 626/619/1520
f 626/619/1521 405/621/1522 297/622/1523 406/623/1524
f 407/620/1525 626/619/1526 406/623/1527 272/624/1528
f 299/299/1529 468/305/1530 627/625/1531 409/626/1532
f 468/305/1533 333/309/1534 408/627/1535 627/625/1536
f 627/625/1537 408/627/1538 307/628/1539 482/629/1540
f 409/626/1541 627/625/1542 482/629/1543 245/328/1544
f 333/309/1545 471/311/1546 628/630/1547 408/627/1548
f 471/311/1549 302/315/1550 410/631/1551 628/630/1552
f 628/630/1553 410/631/1554 285/632/1555 485/633/1556
f 408/627/1557 628/630/1558 485/633/1559 307/628/1560
f 246/332/1561 484/338/1562 629/634/1563 479/333/1564
f 484/338/1565 308/342/1566 411/635/1567 629/634/1568
f 629/634/1569 411/635/1570 310/364/1571 494/363/1572
f 479/333/1573 629/634/1574 494/363/1575 305/334/1576
f 308/342/1577 487/344/1578 630/636/1579 411/635/1580
f 487/344/1581 247/348/1582 412/637/1583 630/636/1584
f 630/636/1585 412/637/1586 286/370/1587 497/369/1588
f 411/635/1589 630/636/1590 497/369/1591 310/364/1592
f 335/366/1593 499/368/1594 631/638/1595 414/639/1596
f 499/368/1597 311/372/1598 413/640/1599 631/638/1600
f 631/638/1601 413/640/1602 249/394/1603 509/393/1604
f 414/639/1605 631/638/1606 509/393/1607 313/388/1608
f 306/336/1609 496/362/1610 632/641/1611 415/642/1612
f 496/362/1613 335/366/1614 414/639/1615 632/641/1616
f 632/641/1617 414/639/1618 313/388/1619 506/387/1620
f 415/642/1621 632/641/1622 506/387/1623 300/301/1624
f 314/390/1625 511/392/1626 633/643/1627 417/644/1628
f 511/392/1629 250/396/1630 416/645/1631 633/643/1632
f 633/643/1633 416/645/1634 244/313/1635 469/312/1636
f 417/644/1637 633/643/1638 469/312/1639 301/307/1640
f 248/303/1641 508/386/1642 634/646/1643 465/298/1644
f 508/386/1645 314/390/1646 417/644/1647 634/646/1648
f 634/646/1649 417/644/1650 301/307/1651 466/306/1652
f 465/298/1653 634/646/1654 466/306/1655 243/295/1656
f 300/301/1657 463/300/1658 635/647/1659 415/642/1660
f 463/300/1661 299/299/1662 409/626/1663 635/647/1664
f 635/647/1665 409/626/1666 245/328/1667 481/331/1668
f 415/642/1669 635/647/1670 481/331/1671 306/336/1672
f 336/378/1673 505/380/1674 636/648/1675 419/649/1676
f 505/380/1677 312/384/1678 418/650/1679 636/648/1680
f 636/648/1681 418/650/1682 251/406/1683 515/405/1684
f 419/649/1685 636/648/1686 515/405/1687 315/400/1688
f 311/372/1689 502/374/1690 637/651/1691 413/640/1692
f 502/374/1693 336/378/1694 419/649/1695 637/651/1696
f 637/651/1697 419/649/1698 315/400/1699 512/399/1700
f 413/640/1701 637/651/1702 512/399/1703 249/394/1704
f 244/313/1705 416/645/1706 638/652/1707 472/318/1708
f 416/645/1709 250/396/1710 514/398/1711 638/652/1712
f 638/652/1713 514/398/1714 316/402/1715 420/653/1716
f 472/318/1717 638/652/1718 420/653/1719 303/319/1720
f 303/319/1721 420/653/1722 639/654/1723 475/324/1724
f 420/653/1725 316/402/1726 517/404/1727 639/654/1728
f 639/654/1729 517/404/1730 252/408/1731 421/655/1732
f 475/324/1733 639/654/1734 421/655/1735 253/325/1736
f 285/632/1737 410/631/1738 640/656/1739 488/657/1740
f 410/631/1741 302/315/1742 474/317/1743 640/656/1744
f 640/656/1745 474/317/1746 334/321/1747 422/658/1748
f 488/657/1749 640/656/1750 422/658/1751 345/659/1752
f 345/659/1753 422/658/1754 641/660/1755 491/661/1756
f 422/658/1757 334/321/1758 477/323/1759 641/660/1760
f 641/660/1761 477/323/1762 304/327/1763 423/662/1764
f 491/661/1765 641/660/1766 423/662/1767 287/663/1768
f 286/370/1769 412/637/1770 642/664/1771 500/375/1772
f 412/637/1773 247/348/1774 490/350/1775 642/664/1776
f 642/664/1777 490/350/1778 309/354/1779 424/665/1780
f 500/375/1781 642/664/1782 424/665/1783 346/376/1784
f 346/376/1785 424/665/1786 643/666/1787 503/381/1788
f 424/665/1789 309/354/1790 493/356/1791 643/666/1792
f 643/666/1793 493/356/1794 254/360/1795 425/667/1796
f 503/381/1797 643/666/1798 425/667/1799 288/382/1800
f 337/414/1801 523/416/1802 644/668/1803 427/669/1804
f 523/416/1805 317/420/1806 426/670/1807 644/668/1808
f 644/668/1809 426/670/1810 255/430/1811 527/429/1812
f 427/669/1813 644/668/1814 527/429/1815 318/424/1816
f 312/384/1817 520/410/1818 645/671/1819 418/650/1820
f 520/410/1821 337/414/1822 427/669/1823 645/671/1824
f 645/671/1825 427/669/1826 318/424/1827 524/423/1828
f 418/650/1829 645/671/1830 524/423/1831 251/406/1832
f 253/325/1833 421/655/1834 646/672/1835 530/435/1836
f 421/655/1837 252/408/1838 526/422/1839 646/672/1840
f 646/672/1841 526/422/1842 319/426/1843 428/673/1844
f 530/435/1845 646/672/1846 428/673/1847 320/436/1848
f 320/436/1849 428/673/1850 647/674/1851 533/441/1852
f 428/673/1853 319/426/1854 529/428/1855 647/674/1856
f 647/674/1857 529/428/1858 256/432/1859 429/675/1860
f 533/441/1861 647/674/1862 429/675/1863 257/442/1864
f 287/663/1865 423/662/1866 648/676/1867 536/677/1868
f 423/662/1869 304/327/1870 532/434/1871 648/676/1872
f 648/676/1873 532/434/1874 338/438/1875 430/678/1876
f 536/677/1877 648/676/1878 430/678/1879 347/679/1880
f 347/679/1881 430/678/1882 649/680/1883 539/681/1884
f 430/678/1885 338/438/1886 535/440/1887 649/680/1888
f 649/680/1889 535/440/1890 321/444/1891 431/682/1892
f 539/681/1893 649/680/1894 431/682/1895 289/683/1896
f 288/382/1897 425/667/1898 650/684/1899 518/411/1900
f 425/667/1901 254/360/1902 538/446/1903 650/684/1904
f 650/684/1905 538/446/1906 322/450/1907 432/685/1908
f 518/411/1909 650/684/1910 432/685/1911 348/412/1912
f 348/412/1913 432/685/1914 651/686/1915 521/417/1916
f 432/685/1917 322/450/1918 541/452/1919 651/686/1920
f 651/686/1921 541/452/1922 258/456/1923 433/687/1924
f 521/417/1925 651/686/1926 433/687/1927 290/418/1928
f 339/462/1929 547/464/1930 652/688/1931 435/689/1932
f 547/464/1933 323/468/1934 434/690/1935 652/688/1936
f 652/688/1937 434/690/1938 259/478/1939 551/477/1940
f 435/689/1941 652/688/1942 551/477/1943 324/472/1944
f 317/420/1945 544/458/1946 653/691/1947 426/670/1948
f 544/458/1949 339/462/1950 435/689/1951 653/691/1952
f 653/691/1953 435/689/1954 324/472/1955 548/471/1956
f 426/670/1957 653/691/1958 548/471/1959 255/430/1960
f 257/442/1961 429/675/1962 654/692/1963 554/483/1964
f 429/675/1965 256/432/1966 550/470/1967 654/692/1968
f 654/692/1969 550/470/1970 325/474/1971 436/693/1972
f 554/483/1973 654/692/1974 436/693/1975 326/484/1976
f 326/484/1977 436/693/1978 655/694/1979 557/489/1980
f 436/693/1981 325/474/1982 553/476/1983 655/694/1984
f 655/694/1985 553/476/1986 260/480/1987 437/695/1988
f 557/489/1989 655/694/1990 437/695/1991 261/490/1992
f 289/683/1993 431/682/1994 656/696/1995 560/697/1996
f 431/682/1997 321/444/1998 556/482/1999 656/696/2000
f 656/696/2001 556/482/2002 340/486/2003 438/698/2004
f 560/697/2005 656/696/2006 438/698/2007 349/699/2008
f 349/699/2009 438/698/2010 657/700/2011 563/701/2012
f 438/698/2013 340/486/2014 559/488/2015 657/700/2016
f 657/700/2017 559/488/2018 327/492/2019 439/702/2020
f 563/701/2021 657/700/2022 439/702/2023 291/703/2024
f 290/418/2025 433/687/2026 658/704/2027 542/459/2028
f 433/687/2029 258/456/2030 562/494/2031 658/704/2032
f 658/704/2033 562/494/2034 328/498/2035 440/705/2036
f 542/459/2037 658/704/2038 440/705/2039 350/460/2040
f 350/460/2041 440/705/2042 659/706/2043 545/465/2044
f 440/705/2045 328/498/2046 565/500/2047 659/706/2048
f 659/706/2049 565/500/2050 262/504/2051 441/707/2052
f 545/465/2053 659/706/2054 441/707/2055 292/466/2056
f 341/510/2057 571/512/2058 660/708/2059 443/709/2060
f 571/512/2061 329/516/2062 442/710/2063 660/708/2064
f 660/708/2065 442/710/2066 263/526/2067 357/525/2068
f 443/709/2069 660/708/2070 357/525/2071 330/520/2072
f 323/468/2073 568/506/2074 661/711/2075 434/690/2076
f 568/506/2077 341/510/2078 443/709/2079 661/711/2080
f 661/711/2081 443/709/2082 330/520/2083 572/519/2084
f 434/690/2085 661/711/2086 572/519/2087 259/478/2088
f 261/490/2089 437/695/2090 662/712/2091 360/531/2092
f 437/695/2093 260/480/2094 356/518/2095 662/712/2096
f 662/712/2097 356/518/2098 331/522/2099 444/713/2100
f 360/531/2101 662/712/2102 444/713/2103 332/532/2104
f 332/532/2105 444/713/2106 663/714/2107 363/537/2108
f 444/713/2109 331/522/2110 359/524/2111 663/714/2112
f 663/714/2113 359/524/2114 264/528/2115 445/715/2116
f 363/537/2117 663/714/2118 445/715/2119 265/538/2120
f 291/703/2121 439/702/2122 664/716/2123 366/717/2124
f 439/702/2125 327/492/2126 362/530/2127 664/716/2128
f 664/716/2129 362/530/2130 342/534/2131 446/718/2132
f 366/717/2133 664/716/2134 446/718/2135 351/719/2136
f 351/719/2137 446/718/2138 665/720/2139 369/721/2140
f 446/718/2141 342/534/2142 365/536/2143 665/720/2144
f 665/720/2145 365/536/2146 273/540/2147 447/722/2148
f 369/721/2149 665/720/2150 447/722/2151 293/723/2152
f 292/466/2153 441/707/2154 666/724/2155 566/507/2156
f 441/707/2157 262/504/2158 368/542/2159 666/724/2160
f 666/724/2161 368/542/2162 274/546/2163 448/725/2164
f 566/507/2165 666/724/2166 448/725/2167 352/508/2168
f 352/508/2169 448/725/2170 667/726/2171 569/513/2172
f 448/725/2173 274/546/2174 371/548/2175 667/726/2176
f 667/726/2177 371/548/2178 266/552/2179 449/727/2180
f 569/513/2181 667/726/2182 449/727/2183 294/514/2184
f 343/558/2185 377/560/2186 668/728/2187 451/729/2188
f 377/560/2189 275/564/2190 450/730/2191 668/728/2192
f 668/728/2193 450/730/2194 267/574/2195 381/573/2196
f 451/729/2197 668/728/2198 381/573/2199 276/568/2200
f 329/516/2201 374/554/2202 669/731/2203 442/710/2204
f 374/554/2205 343/558/2206 451/729/2207 669/731/2208
f 669/731/2209 451/729/2210 276/568/2211 378/567/2212
f 442/710/2213 669/731/2214 378/567/2215 263/526/2216
f 265/538/2217 445/715/2218 670/732/2219 384/579/2220
f 445/715/2221 264/528/2222 380/566/2223 670/732/2224
f 670/732/2225 380/566/2226 277/570/2227 452/733/2228
f 384/579/2229 670/732/2230 452/733/2231 278/580/2232
f 278/580/2233 452/733/2234 671/734/2235 387/585/2236
f 452/733/2237 277/570/2238 383/572/2239 671/734/2240
f 671/734/2241 383/572/2242 268/576/2243 453/735/2244
f 387/585/2245 671/734/2246 453/735/2247 269/586/2248
f 293/723/2249 447/722/2250 672/736/2251 390/737/2252
f 447/722/2253 273/540/2254 386/578/2255 672/736/2256
f 672/736/2257 386/578/2258 344/582/2259 454/738/2260
f 390/737/2261 672/736/2262 454/738/2263 353/739/2264
f 353/739/2265 454/738/2266 673/740/2267 393/741/2268
f 454/738/2269 344/582/2270 389/584/2271 673/740/2272
f 673/740/2273 389/584/2274 279/588/2275 455/742/2276
f 393/741/2277 673/740/2278 455/742/2279 295/743/2280
f 294/514/2281 449/727/2282 674/744/2283 372/555/2284
f 449/727/2285 266/552/2286 392/590/2287 674/744/2288
f 674/744/2289 392/590/2290 280/594/2291 456/745/2292
f 372/555/2293 674/744/2294 456/745/2295 354/556/2296
f 354/556/2297 456/745/2298 675/746/2299 375/561/2300
f 456/745/2301 280/594/2302 395/596/2303 675/746/2304
f 675/746/2305 395/596/2306 270/600/2307 457/747/2308
f 375/561/2309 675/746/2310 457/747/2311 296/562/2312
f 275/564/2313 398/602/2314 676/748/2315 450/730/2316
f 398/602/2317 281/606/2318 458/749/2319 676/748/2320
f 676/748/2321 458/749/2322 282/610/2323 399/609/2324
f 450/730/2325 676/748/2326 399/609/2327 267/574/2328
f 269/586/2329 453/735/2330 677/750/2331 402/615/2332
f 453/735/2333 268/576/2334 401/608/2335 677/750/2336
f 677/750/2337 401/608/2338 271/612/2339 459/751/2340
f 402/615/2341 677/750/2342 459/751/2343 283/616/2344
f 295/743/2345 455/742/2346 678/752/2347 405/753/2348
f 455/742/2349 279/588/2350 404/614/2351 678/752/2352
f 678/752/2353 404/614/2354 284/618/2355 460/754/2356
f 405/753/2357 678/752/2358 460/754/2359 297/755/2360
f 296/562/2361 457/747/2362 679/756/2363 396/603/2364
f 457/747/2365 270/600/2366 407/620/2367 679/756/2368
f 679/756/2369 407/620/2370 272/624/2371 461/757/2372
f 396/603/2373 679/756/2374 461/757/2375 298/604/2376
f 680/758/2377 683/759/2378 682/760/2379 681/761/2380
f 684/762/2381 682/763/2382 683/764/2383 685/765/2384
f 686/766/2385 685/767/2386 683/768/2387 680/769/2388
f 687/770/2389 686/771/2390 680/758/2391 681/761/2392
f 684/772/2393 687/773/2394 681/774/2395 682/775/2396
f 688/776/2397 692/777/2398 693/778/2399 689/779/2400
f 690/780/2401 689/779/2402 693/778/2403 694/781/2404
f 691/782/2405 690/780/2406 694/781/2407 695/783/2408
f 688/776/2409 691/782/2410 695/783/2411 692/777/2412
f 692/777/2413 684/762/2414 685/765/2415 693/778/2416
f 694/781/2417 693/778/2418 685/767/2419 686/766/2420
f 695/783/2421 694/781/2422 686/771/2423 687/770/2424
f 692/777/2425 695/783/2426 687/773/2427 684/772/2428
f 689/779/2429 690/780/2430 691/782/2431 688/776/2432
f 696/784/2433 706/785/2434 707/786/2435 698/787/2436
f 698/788/2437 707/789/2438 704/790/2439 700/791/2440
f 700/792/2441 704/793/2442 705/794/2443 702/795/2444
f 702/796/2445 705/797/2446 706/798/2447 696/799/2448
f 697/800/2449 703/801/2450 701/802/2451 699/803/2452
f 702/795/2453 696/784/2454 698/787/2455 700/792/2456
f 704/793/2457 708/804/2458 709/805/2459 705/794/2460
f 706/798/2461 705/797/2462 709/806/2463 710/807/2464
f 707/786/2465 706/785/2466 710/808/2467 711/809/2468
f 704/790/2469 707/789/2470 711/810/2471 708/811/2472
f 708/804/2473 712/812/2474 713/813/2475 709/805/2476
f 710/807/2477 709/806/2478 713/814/2479 714/815/2480
f 711/809/2481 710/808/2482 714/816/2483 715/817/2484
f 708/811/2485 711/810/2486 715/818/2487 712/819/2488
f 712/812/2489 716/820/2490 717/821/2491 713/813/2492
f 714/815/2493 713/814/2494 717/822/2495 718/823/2496
f 715/817/2497 714/816/2498 718/824/2499 719/825/2500
f 712/819/2501 715/818/2502 719/826/2503 716/827/2504
f 716/820/2505 736/828/2506 737/829/2507 717/821/2508
f 718/823/2509 717/822/2510 737/830/2511 738/831/2512
f 719/825/2513 718/824/2514 738/832/2515 739/833/2516
f 716/827/2517 719/826/2518 739/834/2519 736/835/2520
f 720/836/2521 740/837/2522 741/838/2523 721/839/2524
f 722/840/2525 721/841/2526 741/842/2527 742/843/2528
f 723/844/2529 722/845/2530 742/846/2531 743/847/2532
f 720/848/2533 723/849/2534 743/850/2535 740/851/2536
f 724/852/2537 748/853/2538 749/854/2539 725/855/2540
f 726/856/2541 725/857/2542 749/858/2543 750/859/2544
f 727/860/2545 726/861/2546 750/862/2547 751/863/2548
f 724/864/2549 727/865/2550 751/866/2551 748/867/2552
f 728/868/2553 732/869/2554 733/870/2555 729/871/2556
f 730/872/2557 729/873/2558 733/874/2559 734/875/2560
f 731/876/2561 730/877/2562 734/878/2563 735/879/2564
f 728/880/2565 731/881/2566 735/882/2567 732/883/2568
f 732/869/2569 701/802/2570 703/801/2571 733/870/2572
f 734/875/2573 733/874/2574 703/884/2575 697/885/2576
f 735/879/2577 734/878/2578 697/800/2579 699/803/2580
f 732/883/2581 735/882/2582 699/886/2583 701/887/2584
f 736/828/2585 720/836/2586 721/839/2587 737/829/2588
f 738/831/2589 737/830/2590 721/841/2591 722/840/2592
f 739/833/2593 738/832/2594 722/845/2595 723/844/2596
f 736/835/2597 739/834/2598 723/849/2599 720/848/2600
f 740/837/2601 744/888/2602 745/889/2603 741/838/2604
f 742/843/2605 741/842/2606 745/890/2607 746/891/2608
f 743/847/2609 742/846/2610 746/892/2611 747/893/2612
f 740/851/2613 743/850/2614 747/894/2615 744/895/2616
f 744/888/2617 724/852/2618 725/855/2619 745/889/2620
f 746/891/2621 745/890/2622 725/857/2623 726/856/2624
f 747/893/2625 746/892/2626 726/861/2627 727/860/2628
f 744/895/2629 747/894/2630 727/865/2631 724/864/2632
f 748/853/2633 728/868/2634 729/871/2635 749/854/2636
f 750/859/2637 749/858/2638 729/873/2639 730/872/2640
f 751/863/2641 750/862/2642 730/877/2643 731/876/2644
f 748/867/2645 751/866/2646 731/881/2647 728/880/2648
f 752/896/2649 971/897/2650 1082/898/2651 974/899/2652
f 971/897/2653 808/900/2654 972/901/2655 1082/898/2656
f 1082/898/2657 972/901/2658 809/902/2659 973/903/2660
f 974/899/2661 1082/898/2662 973/903/2663 757/904/2664
f 808/900/2665 971/897/2666 1083/905/2667 977/906/2668
f 971/897/2669 752/896/2670 975/907/2671 1083/905/2672
f 1083/905/2673 975/907/2674 810/908/2675 976/909/2676
f 977/906/2677 1083/905/2678 976/909/2679 842/910/2680
f 842/910/2681 976/909/2682 1084/911/2683 980/912/2684
f 976/909/2685 810/908/2686 978/913/2687 1084/911/2688
f 1084/911/2689 978/913/2690 753/914/2691 979/915/2692
f 980/912/2693 1084/911/2694 979/915/2695 811/916/2696
f 811/916/2697 979/915/2698 1085/917/2699 983/918/2700
f 979/915/2701 753/914/2702 981/919/2703 1085/917/2704
f 1085/917/2705 981/919/2706 812/920/2707 982/921/2708
f 983/918/2709 1085/917/2710 982/921/2711 843/922/2712
f 843/922/2713 982/921/2714 1086/923/2715 986/924/2716
f 982/921/2717 812/920/2718 984/925/2719 1086/923/2720
f 1086/923/2721 984/925/2722 762/926/2723 985/927/2724
f 986/924/2725 1086/923/2726 985/927/2727 813/928/2728
f 754/929/2729 987/930/2730 1087/931/2731 990/932/2732
f 987/930/2733 755/933/2734 988/934/2735 1087/931/2736
f 1087/931/2737 988/934/2738 814/935/2739 989/936/2740
f 990/932/2741 1087/931/2742 989/936/2743 815/937/2744
f 755/933/2745 987/930/2746 1088/938/2747 993/939/2748
f 987/930/2749 754/929/2750 991/940/2751 1088/938/2752
f 1088/938/2753 991/940/2754 816/941/2755 992/942/2756
f 993/939/2757 1088/938/2758 992/942/2759 817/943/2760
f 817/943/2761 992/942/2762 1089/944/2763 996/945/2764
f 992/942/2765 816/941/2766 994/946/2767 1089/944/2768
f 1089/944/2769 994/946/2770 794/947/2771 995/948/2772
f 996/945/2773 1089/944/2774 995/948/2775 756/949/2776
f 756/949/2777 995/948/2778 1090/950/2779 999/951/2780
f 995/948/2781 794/947/2782 997/952/2783 1090/950/2784
f 1090/950/2785 997/952/2786 854/953/2787 998/954/2788
f 999/951/2789 1090/950/2790 998/954/2791 818/955/2792
f 818/955/2793 998/954/2794 1091/956/2795 1002/957/2796
f 998/954/2797 854/953/2798 1000/958/2799 1091/956/2800
f 1091/956/2801 1000/958/2802 796/959/2803 1001/960/2804
f 1002/957/2805 1091/956/2806 1001/960/2807 763/961/2808
f 815/937/2809 989/936/2810 1092/962/2811 1005/963/2812
f 989/936/2813 814/935/2814 1003/964/2815 1092/962/2816
f 1092/962/2817 1003/964/2818 819/965/2819 1004/966/2820
f 1005/963/2821 1092/962/2822 1004/966/2823 844/967/2824
f 844/967/2825 1004/966/2826 1093/968/2827 1008/969/2828
f 1004/966/2829 819/965/2830 1006/970/2831 1093/968/2832
f 1093/968/2833 1006/970/2834 795/971/2835 1007/972/2836
f 1008/969/2837 1093/968/2838 1007/972/2839 820/973/2840
f 820/973/2841 1007/972/2842 1094/974/2843 1011/975/2844
f 1007/972/2845 795/971/2846 1009/976/2847 1094/974/2848
f 1094/974/2849 1009/976/2850 855/977/2851 1010/978/2852
f 1011/975/2853 1094/974/2854 1010/978/2855 845/979/2856
f 845/979/2857 1010/978/2858 1095/980/2859 1014/981/2860
f 1010/978/2861 855/977/2862 1012/982/2863 1095/980/2864
f 1095/980/2865 1012/982/2866 797/983/2867 1013/984/2868
f 1014/981/2869 1095/980/2870 1013/984/2871 821/985/2872
f 757/904/2873 973/903/2874 1096/986/2875 1017/987/2876
f 973/903/2877 809/902/2878 1015/988/2879 1096/986/2880
f 1096/986/2881 1015/988/2882 822/989/2883 1016/990/2884
f 1017/987/2885 1096/986/2886 1016/990/2887 823/991/2888
f 823/991/2889 1016/990/2890 1097/992/2891 1020/993/2892
f 1016/990/2893 822/989/2894 1018/994/2895 1097/992/2896
f 1097/992/2897 1018/994/2898 758/995/2899 1019/996/2900
f 1020/993/2901 1097/992/2902 1019/996/2903 759/997/2904
f 759/997/2905 1019/996/2906 1098/998/2907 1023/999/2908
f 1019/996/2909 758/995/2910 1021/1000/2911 1098/998/2912
f 1098/998/2913 1021/1000/2914 824/1001/2915 1022/1002/2916
f 1023/999/2917 1098/998/2918 1022/1002/2919 825/1003/2920
f 825/1003/2921 1022/1002/2922 1099/1004/2923 1026/1005/2924
f 1022/1002/2925 824/1001/2926 1024/1006/2927 1099/1004/2928
f 1099/1004/2929 1024/1006/2930 760/1007/2931 1025/1008/2932
f 1026/1005/2933 1099/1004/2934 1025/1008/2935 761/1009/2936
f 821/985/2937 1013/984/2938 1100/1010/2939 1029/1011/2940
f 1013/984/2941 797/983/2942 1027/1012/2943 1100/1010/2944
f 1100/1010/2945 1027/1012/2946 857/1013/2947 1028/1014/2948
f 1029/1011/2949 1100/1010/2950 1028/1014/2951 846/1015/2952
f 846/1015/2953 1028/1014/2954 1101/1016/2955 1032/1017/2956
f 1028/1014/2957 857/1013/2958 1030/1018/2959 1101/1016/2960
f 1101/1016/2961 1030/1018/2962 799/1019/2963 1031/1020/2964
f 1032/1017/2965 1101/1016/2966 1031/1020/2967 826/1021/2968
f 761/1009/2969 1025/1008/2970 1102/1022/2971 1035/1023/2972
f 1025/1008/2973 760/1007/2974 1033/1024/2975 1102/1022/2976
f 1102/1022/2977 1033/1024/2978 827/1025/2979 1034/1026/2980
f 1035/1023/2981 1102/1022/2982 1034/1026/2983 828/1027/2984
f 828/1027/2985 1034/1026/2986 1103/1028/2987 1038/1029/2988
f 1034/1026/2989 827/1025/2990 1036/1030/2991 1103/1028/2992
f 1103/1028/2993 1036/1030/2994 764/1031/2995 1037/1032/2996
f 1038/1029/2997 1103/1028/2998 1037/1032/2999 765/1033/3000
f 813/928/3001 985/927/3002 1104/1034/3003 1041/1035/3004
f 985/927/3005 762/926/3006 1039/1036/3007 1104/1034/3008
f 1104/1034/3009 1039/1036/3010 829/1037/3011 1040/1038/3012
f 1041/1035/3013 1104/1034/3014 1040/1038/3015 847/1039/3016
f 847/1039/3017 1040/1038/3018 1105/1040/3019 1044/1041/3020
f 1040/1038/3021 829/1037/3022 1042/1042/3023 1105/1040/3024
f 1105/1040/3025 1042/1042/3026 766/1043/3027 1043/1044/3028
f 1044/1041/3029 1105/1040/3030 1043/1044/3031 830/1045/3032
f 763/961/3033 1001/960/3034 1106/1046/3035 1047/1047/3036
f 1001/960/3037 796/959/3038 1045/1048/3039 1106/1046/3040
f 1106/1046/3041 1045/1048/3042 856/1049/3043 1046/1050/3044
f 1047/1047/3045 1106/1046/3046 1046/1050/3047 831/1051/3048
f 831/1051/3049 1046/1050/3050 1107/1052/3051 1050/1053/3052
f 1046/1050/3053 856/1049/3054 1048/1054/3055 1107/1052/3056
f 1107/1052/3057 1048/1054/3058 798/1055/3059 1049/1056/3060
f 1050/1053/3061 1107/1052/3062 1049/1056/3063 767/1057/3064
f 826/1021/3065 1031/1020/3066 1108/1058/3067 1053/1059/3068
f 1031/1020/3069 799/1019/3070 1051/1060/3071 1108/1058/3072
f 1108/1058/3073 1051/1060/3074 859/1061/3075 1052/1062/3076
f 1053/1059/3077 1108/1058/3078 1052/1062/3079 848/1063/3080
f 848/1063/3081 1052/1062/3082 1109/1064/3083 1056/1065/3084
f 1052/1062/3085 859/1061/3086 1054/1066/3087 1109/1064/3088
f 1109/1064/3089 1054/1066/3090 801/1067/3091 1055/1068/3092
f 1056/1065/3093 1109/1064/3094 1055/1068/3095 832/1069/3096
f 765/1033/3097 1037/1032/3098 1110/1070/3099 1059/1071/3100
f 1037/1032/3101 764/1031/3102 1057/1072/3103 1110/1070/3104
f 1110/1070/3105 1057/1072/3106 833/1073/3107 1058/1074/3108
f 1059/1071/3109 1110/1070/3110 1058/1074/3111 834/1075/3112
f 834/1075/3113 1058/1074/3114 1111/1076/3115 1062/1077/3116
f 1058/1074/3117 833/1073/3118 1060/1078/3119 1111/1076/3120
f 1111/1076/3121 1060/1078/3122 768/1079/3123 1061/1080/3124
f 1062/1077/3125 1111/1076/3126 1061/1080/3127 769/1081/3128
f 830/1045/3129 1043/1044/3130 1112/1082/3131 1065/1083/3132
f 1043/1044/3133 766/1043/3134 1063/1084/3135 1112/1082/3136
f 1112/1082/3137 1063/1084/3138 835/1085/3139 1064/1086/3140
f 1065/1083/3141 1112/1082/3142 1064/1086/3143 849/1087/3144
f 849/1087/3145 1064/1086/3146 1113/1088/3147 1068/1089/3148
f 1064/1086/3149 835/1085/3150 1066/1090/3151 1113/1088/3152
f 1113/1088/3153 1066/1090/3154 770/1091/3155 1067/1092/3156
f 1068/1089/3157 1113/1088/3158 1067/1092/3159 836/1093/3160
f 767/1057/3161 1049/1056/3162 1114/1094/3163 1071/1095/3164
f 1049/1056/3165 798/1055/3166 1069/1096/3167 1114/1094/3168
f 1114/1094/3169 1069/1096/3170 858/1097/3171 1070/1098/3172
f 1071/1095/3173 1114/1094/3174 1070/1098/3175 837/1099/3176
f 837/1099/3177 1070/1098/3178 1115/1100/3179 1074/1101/3180
f 1070/1098/3181 858/1097/3182 1072/1102/3183 1115/1100/3184
f 1115/1100/3185 1072/1102/3186 800/1103/3187 1073/1104/3188
f 1074/1101/3189 1115/1100/3190 1073/1104/3191 771/1105/3192
f 832/1069/3193 1055/1068/3194 1116/1106/3195 1077/1107/3196
f 1055/1068/3197 801/1067/3198 1075/1108/3199 1116/1106/3200
f 1116/1106/3201 1075/1108/3202 861/1109/3203 1076/1110/3204
f 1077/1107/3205 1116/1106/3206 1076/1110/3207 850/1111/3208
f 850/1111/3209 1076/1110/3210 1117/1112/3211 1080/1113/3212
f 1076/1110/3213 861/1109/3214 1078/1114/3215 1117/1112/3216
f 1117/1112/3217 1078/1114/3218 803/1115/3219 1079/1116/3220
f 1080/1113/3221 1117/1112/3222 1079/1116/3223 838/1117/3224
f 769/1081/3225 1061/1080/3226 1118/1118/3227 865/1119/3228
f 1061/1080/3229 768/1079/3230 1081/1120/3231 1118/1118/3232
f 1118/1118/3233 1081/1120/3234 839/1121/3235 864/1122/3236
f 865/1119/3237 1118/1118/3238 864/1122/3239 840/1123/3240
f 840/1123/3241 864/1122/3242 1119/1124/3243 868/1125/3244
f 864/1122/3245 839/1121/3246 866/1126/3247 1119/1124/3248
f 1119/1124/3249 866/1126/3250 772/1127/3251 867/1128/3252
f 868/1125/3253 1119/1124/3254 867/1128/3255 773/1129/3256
f 836/1093/3257 1067/1092/3258 1120/1130/3259 871/1131/3260
f 1067/1092/3261 770/1091/3262 869/1132/3263 1120/1130/3264
f 1120/1130/3265 869/1132/3266 841/1133/3267 870/1134/3268
f 871/1131/3269 1120/1130/3270 870/1134/3271 851/1135/3272
f 851/1135/3273 870/1134/3274 1121/1136/3275 874/1137/3276
f 870/1134/3277 841/1133/3278 872/1138/3279 1121/1136/3280
f 1121/1136/3281 872/1138/3282 774/1139/3283 873/1140/3284
f 874/1137/3285 1121/1136/3286 873/1140/3287 782/1141/3288
f 771/1105/3289 1073/1104/3290 1122/1142/3291 877/1143/3292
f 1073/1104/3293 800/1103/3294 875/1144/3295 1122/1142/3296
f 1122/1142/3297 875/1144/3298 860/1145/3299 876/1146/3300
f 877/1143/3301 1122/1142/3302 876/1146/3303 783/1147/3304
f 783/1147/3305 876/1146/3306 1123/1148/3307 880/1149/3308
f 876/1146/3309 860/1145/3310 878/1150/3311 1123/1148/3312
f 1123/1148/3313 878/1150/3314 802/1151/3315 879/1152/3316
f 880/1149/3317 1123/1148/3318 879/1152/3319 775/1153/3320
f 838/1117/3321 1079/1116/3322 1124/1154/3323 883/1155/3324
f 1079/1116/3325 803/1115/3326 881/1156/3327 1124/1154/3328
f 1124/1154/3329 881/1156/3330 863/1157/3331 882/1158/3332
f 883/1155/3333 1124/1154/3334 882/1158/3335 852/1159/3336
f 852/1159/3337 882/1158/3338 1125/1160/3339 886/1161/3340
f 882/1158/3341 863/1157/3342 884/1162/3343 1125/1160/3344
f 1125/1160/3345 884/1162/3346 805/1163/3347 885/1164/3348
f 886/1161/3349 1125/1160/3350 885/1164/3351 784/1165/3352
f 773/1129/3353 867/1128/3354 1126/1166/3355 889/1167/3356
f 867/1128/3357 772/1127/3358 887/1168/3359 1126/1166/3360
f 1126/1166/3361 887/1168/3362 785/1169/3363 888/1170/3364
f 889/1167/3365 1126/1166/3366 888/1170/3367 786/1171/3368
f 786/1171/3369 888/1170/3370 1127/1172/3371 892/1173/3372
f 888/1170/3373 785/1169/3374 890/1174/3375 1127/1172/3376
f 1127/1172/3377 890/1174/3378 776/1175/3379 891/1176/3380
f 892/1173/3381 1127/1172/3382 891/1176/3383 777/1177/3384
f 782/1141/3385 873/1140/3386 1128/1178/3387 895/1179/3388
f 873/1140/3389 774/1139/3390 893/1180/3391 1128/1178/3392
f 1128/1178/3393 893/1180/3394 787/1181/3395 894/1182/3396
f 895/1179/3397 1128/1178/3398 894/1182/3399 853/1183/3400
f 853/1183/3401 894/1182/3402 1129/1184/3403 898/1185/3404
f 894/1182/3405 787/1181/3406 896/1186/3407 1129/1184/3408
f 1129/1184/3409 896/1186/3410 778/1187/3411 897/1188/3412
f 898/1185/3413 1129/1184/3414 897/1188/3415 788/1189/3416
f 775/1153/3417 879/1152/3418 1130/1190/3419 901/1191/3420
f 879/1152/3421 802/1151/3422 899/1192/3423 1130/1190/3424
f 1130/1190/3425 899/1192/3426 862/1193/3427 900/1194/3428
f 901/1191/3429 1130/1190/3430 900/1194/3431 789/1195/3432
f 789/1195/3433 900/1194/3434 1131/1196/3435 904/1197/3436
f 900/1194/3437 862/1193/3438 902/1198/3439 1131/1196/3440
f 1131/1196/3441 902/1198/3442 804/1199/3443 903/1200/3444
f 904/1197/3445 1131/1196/3446 903/1200/3447 779/1201/3448
f 784/1165/3449 885/1164/3450 1132/1202/3451 907/1203/3452
f 885/1164/3453 805/1163/3454 905/1204/3455 1132/1202/3456
f 1132/1202/3457 905/1204/3458 807/1205/3459 906/1206/3460
f 907/1203/3461 1132/1202/3462 906/1206/3463 790/1207/3464
f 777/1177/3465 891/1176/3466 1133/1208/3467 910/1209/3468
f 891/1176/3469 776/1175/3470 908/1210/3471 1133/1208/3472
f 1133/1208/3473 908/1210/3474 791/1211/3475 909/1212/3476
f 910/1209/3477 1133/1208/3478 909/1212/3479 780/1213/3480
f 788/1189/3481 897/1188/3482 1134/1214/3483 913/1215/3484
f 897/1188/3485 778/1187/3486 911/1216/3487 1134/1214/3488
f 1134/1214/3489 911/1216/3490 792/1217/3491 912/1218/3492
f 913/1215/3493 1134/1214/3494 912/1218/3495 793/1219/3496
f 779/1201/3497 903/1200/3498 1135/1220/3499 916/1221/3500
f 903/1200/3501 804/1199/3502 914/1222/3503 1135/1220/3504
f 1135/1220/3505 914/1222/3506 806/1223/3507 915/1224/3508
f 916/1221/3509 1135/1220/3510 915/1224/3511 781/1225/3512
f 808/900/3513 977/1226/3514 1136/1227/3515 918/1228/3516
f 977/1226/3517 842/1229/3518 917/1230/3519 1136/1227/3520
f 1136/1227/3521 917/1230/3522 816/941/3523 991/940/3524
f 918/1228/3525 1136/1227/3526 991/940/3527 754/929/3528
f 842/1229/3529 980/1231/3530 1137/1232/3531 917/1230/3532
f 980/1231/3533 811/1233/3534 919/1234/3535 1137/1232/3536
f 1137/1232/3537 919/1234/3538 794/947/3539 994/946/3540
f 917/1230/3541 1137/1232/3542 994/946/3543 816/941/3544
f 755/933/3545 993/939/3546 1138/1235/3547 988/934/3548
f 993/939/3549 817/943/3550 920/1236/3551 1138/1235/3552
f 1138/1235/3553 920/1236/3554 819/965/3555 1003/964/3556
f 988/934/3557 1138/1235/3558 1003/964/3559 814/935/3560
f 817/943/3561 996/945/3562 1139/1237/3563 920/1236/3564
f 996/945/3565 756/949/3566 921/1238/3567 1139/1237/3568
f 1139/1237/3569 921/1238/3570 795/971/3571 1006/970/3572
f 920/1236/3573 1139/1237/3574 1006/970/3575 819/965/3576
f 844/967/3577 1008/969/3578 1140/1239/3579 923/1240/3580
f 1008/969/3581 820/973/3582 922/1241/3583 1140/1239/3584
f 1140/1239/3585 922/1241/3586 758/995/3587 1018/994/3588
f 923/1240/3589 1140/1239/3590 1018/994/3591 822/989/3592
f 815/937/3593 1005/963/3594 1141/1242/3595 924/1243/3596
f 1005/963/3597 844/967/3598 923/1240/3599 1141/1242/3600
f 1141/1242/3601 923/1240/3602 822/989/3603 1015/988/3604
f 924/1243/3605 1141/1242/3606 1015/988/3607 809/902/3608
f 823/991/3609 1020/993/3610 1142/1244/3611 926/1245/3612
f 1020/993/3613 759/997/3614 925/1246/3615 1142/1244/3616
f 1142/1244/3617 925/1246/3618 753/914/3619 978/913/3620
f 926/1245/3621 1142/1244/3622 978/913/3623 810/908/3624
f 757/904/3625 1017/987/3626 1143/1247/3627 974/899/3628
f 1017/987/3629 823/991/3630 926/1245/3631 1143/1247/3632
f 1143/1247/3633 926/1245/3634 810/908/3635 975/907/3636
f 974/899/3637 1143/1247/3638 975/907/3639 752/896/3640
f 809/902/3641 972/901/3642 1144/1248/3643 924/1243/3644
f 972/901/3645 808/900/3646 918/1228/3647 1144/1248/3648
f 1144/1248/3649 918/1228/3650 754/929/3651 990/932/3652
f 924/1243/3653 1144/1248/3654 990/932/3655 815/937/3656
f 845/979/3657 1014/981/3658 1145/1249/3659 928/1250/3660
f 1014/981/3661 821/985/3662 927/1251/3663 1145/1249/3664
f 1145/1249/3665 927/1251/3666 760/1007/3667 1024/1006/3668
f 928/1250/3669 1145/1249/3670 1024/1006/3671 824/1001/3672
f 820/973/3673 1011/975/3674 1146/1252/3675 922/1241/3676
f 1011/975/3677 845/979/3678 928/1250/3679 1146/1252/3680
f 1146/1252/3681 928/1250/3682 824/1001/3683 1021/1000/3684
f 922/1241/3685 1146/1252/3686 1021/1000/3687 758/995/3688
f 753/914/3689 925/1246/3690 1147/1253/3691 981/919/3692
f 925/1246/3693 759/997/3694 1023/999/3695 1147/1253/3696
f 1147/1253/3697 1023/999/3698 825/1003/3699 929/1254/3700
f 981/919/3701 1147/1253/3702 929/1254/3703 812/920/3704
f 812/920/3705 929/1254/3706 1148/1255/3707 984/925/3708
f 929/1254/3709 825/1003/3710 1026/1005/3711 1148/1255/3712
f 1148/1255/3713 1026/1005/3714 761/1009/3715 930/1256/3716
f 984/925/3717 1148/1255/3718 930/1256/3719 762/926/3720
f 794/947/3721 919/1234/3722 1149/1257/3723 997/952/3724
f 919/1234/3725 811/1233/3726 983/1258/3727 1149/1257/3728
f 1149/1257/3729 983/1258/3730 843/1259/3731 931/1260/3732
f 997/952/3733 1149/1257/3734 931/1260/3735 854/953/3736
f 854/953/3737 931/1260/3738 1150/1261/3739 1000/958/3740
f 931/1260/3741 843/1259/3742 986/1262/3743 1150/1261/3744
f 1150/1261/3745 986/1262/3746 813/1263/3747 932/1264/3748
f 1000/958/3749 1150/1261/3750 932/1264/3751 796/959/3752
f 795/971/3753 921/1238/3754 1151/1265/3755 1009/976/3756
f 921/1238/3757 756/949/3758 999/951/3759 1151/1265/3760
f 1151/1265/3761 999/951/3762 818/955/3763 933/1266/3764
f 1009/976/3765 1151/1265/3766 933/1266/3767 855/977/3768
f 855/977/3769 933/1266/3770 1152/1267/3771 1012/982/3772
f 933/1266/3773 818/955/3774 1002/957/3775 1152/1267/3776
f 1152/1267/3777 1002/957/3778 763/961/3779 934/1268/3780
f 1012/982/3781 1152/1267/3782 934/1268/3783 797/983/3784
f 846/1015/3785 1032/1017/3786 1153/1269/3787 936/1270/3788
f 1032/1017/3789 826/1021/3790 935/1271/3791 1153/1269/3792
f 1153/1269/3793 935/1271/3794 764/1031/3795 1036/1030/3796
f 936/1270/3797 1153/1269/3798 1036/1030/3799 827/1025/3800
f 821/985/3801 1029/1011/3802 1154/1272/3803 927/1251/3804
f 1029/1011/3805 846/1015/3806 936/1270/3807 1154/1272/3808
f 1154/1272/3809 936/1270/3810 827/1025/3811 1033/1024/3812
f 927/1251/3813 1154/1272/3814 1033/1024/3815 760/1007/3816
f 762/926/3817 930/1256/3818 1155/1273/3819 1039/1036/3820
f 930/1256/3821 761/1009/3822 1035/1023/3823 1155/1273/3824
f 1155/1273/3825 1035/1023/3826 828/1027/3827 937/1274/3828
f 1039/1036/3829 1155/1273/3830 937/1274/3831 829/1037/3832
f 829/1037/3833 937/1274/3834 1156/1275/3835 1042/1042/3836
f 937/1274/3837 828/1027/3838 1038/1029/3839 1156/1275/3840
f 1156/1275/3841 1038/1029/3842 765/1033/3843 938/1276/3844
f 1042/1042/3845 1156/1275/3846 938/1276/3847 766/1043/3848
f 796/959/3849 932/1264/3850 1157/1277/3851 1045/1048/3852
f 932/1264/3853 813/1263/3854 1041/1278/3855 1157/1277/3856
f 1157/1277/3857 1041/1278/3858 847/1279/3859 939/1280/3860
f 1045/1048/3861 1157/1277/3862 939/1280/3863 856/1049/3864
f 856/1049/3865 939/1280/3866 1158/1281/3867 1048/1054/3868
f 939/1280/3869 847/1279/3870 1044/1282/3871 1158/1281/3872
f 1158/1281/3873 1044/1282/3874 830/1283/3875 940/1284/3876
f 1048/1054/3877 1158/1281/3878 940/1284/3879 798/1055/3880
f 797/983/3881 934/1268/3882 1159/1285/3883 1027/1012/3884
f 934/1268/3885 763/961/3886 1047/1047/3887 1159/1285/3888
f 1159/1285/3889 1047/1047/3890 831/1051/3891 941/1286/3892
f 1027/1012/3893 1159/1285/3894 941/1286/3895 857/1013/3896
f 857/1013/3897 941/1286/3898 1160/1287/3899 1030/1018/3900
f 941/1286/3901 831/1051/3902 1050/1053/3903 1160/1287/3904
f 1160/1287/3905 1050/1053/3906 767/1057/3907 942/1288/3908
f 1030/1018/3909 1160/1287/3910 942/1288/3911 799/1019/3912
f 848/1063/3913 1056/1065/3914 1161/1289/3915 944/1290/3916
f 1056/1065/3917 832/1069/3918 943/1291/3919 1161/1289/3920
f 1161/1289/3921 943/1291/3922 768/1079/3923 1060/1078/3924
f 944/1290/3925 1161/1289/3926 1060/1078/3927 833/1073/3928
f 826/1021/3929 1053/1059/3930 1162/1292/3931 935/1271/3932
f 1053/1059/3933 848/1063/3934 944/1290/3935 1162/1292/3936
f 1162/1292/3937 944/1290/3938 833/1073/3939 1057/1072/3940
f 935/1271/3941 1162/1292/3942 1057/1072/3943 764/1031/3944
f 766/1043/3945 938/1276/3946 1163/1293/3947 1063/1084/3948
f 938/1276/3949 765/1033/3950 1059/1071/3951 1163/1293/3952
f 1163/1293/3953 1059/1071/3954 834/1075/3955 945/1294/3956
f 1063/1084/3957 1163/1293/3958 945/1294/3959 835/1085/3960
f 835/1085/3961 945/1294/3962 1164/1295/3963 1066/1090/3964
f 945/1294/3965 834/1075/3966 1062/1077/3967 1164/1295/3968
f 1164/1295/3969 1062/1077/3970 769/1081/3971 946/1296/3972
f 1066/1090/3973 1164/1295/3974 946/1296/3975 770/1091/3976
f 798/1055/3977 940/1284/3978 1165/1297/3979 1069/1096/3980
f 940/1284/3981 830/1283/3982 1065/1298/3983 1165/1297/3984
f 1165/1297/3985 1065/1298/3986 849/1299/3987 947/1300/3988
f 1069/1096/3989 1165/1297/3990 947/1300/3991 858/1097/3992
f 858/1097/3993 947/1300/3994 1166/1301/3995 1072/1102/3996
f 947/1300/3997 849/1299/3998 1068/1302/3999 1166/1301/4000
f 1166/1301/4001 1068/1302/4002 836/1303/4003 948/1304/4004
f 1072/1102/4005 1166/1301/4006 948/1304/4007 800/1103/4008
f 799/1019/4009 942/1288/4010 1167/1305/4011 1051/1060/4012
f 942/1288/4013 767/1057/4014 1071/1095/4015 1167/1305/4016
f 1167/1305/4017 1071/1095/4018 837/1099/4019 949/1306/4020
f 1051/1060/4021 1167/1305/4022 949/1306/4023 859/1061/4024
f 859/1061/4025 949/1306/4026 1168/1307/4027 1054/1066/4028
f 949/1306/4029 837/1099/4030 1074/1101/4031 1168/1307/4032
f 1168/1307/4033 1074/1101/4034 771/1105/4035 950/1308/4036
f 1054/1066/4037 1168/1307/4038 950/1308/4039 801/1067/4040
f 850/1111/4041 1080/1113/4042 1169/1309/4043 952/1310/4044
f 1080/1113/4045 838/1117/4046 951/1311/4047 1169/1309/4048
f 1169/1309/4049 951/1311/4050 772/1127/4051 866/1126/4052
f 952/1310/4053 1169/1309/4054 866/1126/4055 839/1121/4056
f 832/1069/4057 1077/1107/4058 1170/1312/4059 943/1291/4060
f 1077/1107/4061 850/1111/4062 952/1310/4063 1170/1312/4064
f 1170/1312/4065 952/1310/4066 839/1121/4067 1081/1120/4068
f 943/1291/4069 1170/1312/4070 1081/1120/4071 768/1079/4072
f 770/1091/4073 946/1296/4074 1171/1313/4075 869/1132/4076
f 946/1296/4077 769/1081/4078 865/1119/4079 1171/1313/4080
f 1171/1313/4081 865/1119/4082 840/1123/4083 953/1314/4084
f 869/1132/4085 1171/1313/4086 953/1314/4087 841/1133/4088
f 841/1133/4089 953/1314/4090 1172/1315/4091 872/1138/4092
f 953/1314/4093 840/1123/4094 868/1125/4095 1172/1315/4096
f 1172/1315/4097 868/1125/4098 773/1129/4099 954/1316/4100
f 872/1138/4101 1172/1315/4102 954/1316/4103 774/1139/4104
f 800/1103/4105 948/1304/4106 1173/1317/4107 875/1144/4108
f 948/1304/4109 836/1303/4110 871/1318/4111 1173/1317/4112
f 1173/1317/4113 871/1318/4114 851/1319/4115 955/1320/4116
f 875/1144/4117 1173/1317/4118 955/1320/4119 860/1145/4120
f 860/1145/4121 955/1320/4122 1174/1321/4123 878/1150/4124
f 955/1320/4125 851/1319/4126 874/1322/4127 1174/1321/4128
f 1174/1321/4129 874/1322/4130 782/1323/4131 956/1324/4132
f 878/1150/4133 1174/1321/4134 956/1324/4135 802/1151/4136
f 801/1067/4137 950/1308/4138 1175/1325/4139 1075/1108/4140
f 950/1308/4141 771/1105/4142 877/1143/4143 1175/1325/4144
f 1175/1325/4145 877/1143/4146 783/1147/4147 957/1326/4148
f 1075/1108/4149 1175/1325/4150 957/1326/4151 861/1109/4152
f 861/1109/4153 957/1326/4154 1176/1327/4155 1078/1114/4156
f 957/1326/4157 783/1147/4158 880/1149/4159 1176/1327/4160
f 1176/1327/4161 880/1149/4162 775/1153/4163 958/1328/4164
f 1078/1114/4165 1176/1327/4166 958/1328/4167 803/1115/4168
f 852/1159/4169 886/1161/4170 1177/1329/4171 960/1330/4172
f 886/1161/4173 784/1165/4174 959/1331/4175 1177/1329/4176
f 1177/1329/4177 959/1331/4178 776/1175/4179 890/1174/4180
f 960/1330/4181 1177/1329/4182 890/1174/4183 785/1169/4184
f 838/1117/4185 883/1155/4186 1178/1332/4187 951/1311/4188
f 883/1155/4189 852/1159/4190 960/1330/4191 1178/1332/4192
f 1178/1332/4193 960/1330/4194 785/1169/4195 887/1168/4196
f 951/1311/4197 1178/1332/4198 887/1168/4199 772/1127/4200
f 774/1139/4201 954/1316/4202 1179/1333/4203 893/1180/4204
f 954/1316/4205 773/1129/4206 889/1167/4207 1179/1333/4208
f 1179/1333/4209 889/1167/4210 786/1171/4211 961/1334/4212
f 893/1180/4213 1179/1333/4214 961/1334/4215 787/1181/4216
f 787/1181/4217 961/1334/4218 1180/1335/4219 896/1186/4220
f 961/1334/4221 786/1171/4222 892/1173/4223 1180/1335/4224
f 1180/1335/4225 892/1173/4226 777/1177/4227 962/1336/4228
f 896/1186/4229 1180/1335/4230 962/1336/4231 778/1187/4232
f 802/1151/4233 956/1324/4234 1181/1337/4235 899/1192/4236
f 956/1324/4237 782/1323/4238 895/1338/4239 1181/1337/4240
f 1181/1337/4241 895/1338/4242 853/1339/4243 963/1340/4244
f 899/1192/4245 1181/1337/4246 963/1340/4247 862/1193/4248
f 862/1193/4249 963/1340/4250 1182/1341/4251 902/1198/4252
f 963/1340/4253 853/1339/4254 898/1342/4255 1182/1341/4256
f 1182/1341/4257 898/1342/4258 788/1343/4259 964/1344/4260
f 902/1198/4261 1182/1341/4262 964/1344/4263 804/1199/4264
f 803/1115/4265 958/1328/4266 1183/1345/4267 881/1156/4268
f 958/1328/4269 775/1153/4270 901/1191/4271 1183/1345/4272
f 1183/1345/4273 901/1191/4274 789/1195/4275 965/1346/4276
f 881/1156/4277 1183/1345/4278 965/1346/4279 863/1157/4280
f 863/1157/4281 965/1346/4282 1184/1347/4283 884/1162/4284
f 965/1346/4285 789/1195/4286 904/1197/4287 1184/1347/4288
f 1184/1347/4289 904/1197/4290 779/1201/4291 966/1348/4292
f 884/1162/4293 1184/1347/4294 966/1348/4295 805/1163/4296
f 784/1165/4297 907/1203/4298 1185/1349/4299 959/1331/4300
f 907/1203/4301 790/1207/4302 967/1350/4303 1185/1349/4304
f 1185/1349/4305 967/1350/4306 791/1211/4307 908/1210/4308
f 959/1331/4309 1185/1349/4310 908/1210/4311 776/1175/4312
f 778/1187/4313 962/1336/4314 1186/1351/4315 911/1216/4316
f 962/1336/4317 777/1177/4318 910/1209/4319 1186/1351/4320
f 1186/1351/4321 910/1209/4322 780/1213/4323 968/1352/4324
f 911/1216/4325 1186/1351/4326 968/1352/4327 792/1217/4328
f 804/1199/4329 964/1344/4330 1187/1353/4331 914/1222/4332
f 964/1344/4333 788/1343/4334 913/1354/4335 1187/1353/4336
f 1187/1353/4337 913/1354/4338 793/1355/4339 969/1356/4340
f 914/1222/4341 1187/1353/4342 969/1356/4343 806/1223/4344
f 805/1163/4345 966/1348/4346 1188/1357/4347 905/1204/4348
f 966/1348/4349 779/1201/4350 916/1221/4351 1188/1357/4352
f 1188/1357/4353 916/1221/4354 781/1225/4355 970/1358/4356
f 905/1204/4357 1188/1357/4358 970/1358/4359 807/1205/4360
f 1189/1359/4361 1199/1360/4362 1200/1361/4363 1191/1362/4364
f 1191/1363/4365 1200/1364/4366 1197/1365/4367 1193/1366/4368
f 1193/1367/4369 1197/1368/4370 1198/1369/4371 1195/1370/4372
f 1195/1371/4373 1198/1372/4374 1199/1373/4375 1189/1374/4376
f 1190/1375/4377 1196/1376/4378 1194/1377/4379 1192/1378/4380
f 1195/1370/4381 1189/1359/4382 1191/1362/4383 1193/1367/4384
f 1197/1368/4385 1201/1379/4386 1202/1380/4387 1198/1369/4388
f 1199/1373/4389 1198/1372/4390 1202/1381/4391 1203/1382/4392
f 1200/1361/4393 1199/1360/4394 1203/1383/4395 1204/1384/4396
f 1197/1365/4397 1200/1364/4398 1204/1385/4399 1201/1386/4400
f 1201/1379/4401 1205/1387/4402 1206/1388/4403 1202/1380/4404
f 1203/1382/4405 1202/1381/4406 1206/1389/4407 1207/1390/4408
f 1204/1384/4409 1203/1383/4410 1207/1391/4411 1208/1392/4412
f 1201/1386/4413 1204/1385/4414 1208/1393/4415 1205/1394/4416
f 1205/1387/4417 1209/1395/4418 1210/1396/4419 1206/1388/4420
f 1207/1390/4421 1206/1389/4422 1210/1397/4423 1211/1398/4424
f 1208/1392/4425 1207/1391/4426 1211/1399/4427 1212/1400/4428
f 1205/1394/4429 1208/1393/4430 1212/1401/4431 1209/1402/4432
f 1209/1395/4433 1229/1403/4434 1230/1404/4435 1210/1396/4436
f 1211/1398/4437 1210/1397/4438 1230/1405/4439 1231/1406/4440
f 1212/1400/4441 1211/1399/4442 1231/1407/4443 1232/1408/4444
f 1209/1402/4445 1212/1401/4446 1232/1409/4447 1229/1410/4448
f 1213/1411/4449 1233/1412/4450 1234/1413/4451 1214/1414/4452
f 1215/1415/4453 1214/1416/4454 1234/1417/4455 1235/1418/4456
f 1216/1419/4457 1215/1420/4458 1235/1421/4459 1236/1422/4460
f 1213/1423/4461 1216/1424/4462 1236/1425/4463 1233/1426/4464
f 1217/1427/4465 1241/1428/4466 1242/1429/4467 1218/1430/4468
f 1219/1431/4469 1218/1432/4470 1242/1433/4471 1243/1434/4472
f 1220/1435/4473 1219/1436/4474 1243/1437/4475 1244/1438/4476
f 1217/1439/4477 1220/1440/4478 1244/1441/4479 1241/1442/4480
f 1221/1443/4481 1225/1444/4482 1226/1445/4483 1222/1446/4484
f 1223/1447/4485 1222/1448/4486 1226/1449/4487 1227/1450/4488
f 1224/1451/4489 1223/1452/4490 1227/1453/4491 1228/1454/4492
f 1221/1455/4493 1224/1456/4494 1228/1457/4495 1225/1458/4496
f 1225/1444/4497 1194/1377/4498 1196/1376/4499 1226/1445/4500
f 1227/1450/4501 1226/1449/4502 1196/1459/4503 1190/1460/4504
f 1228/1454/4505 1227/1453/4506 1190/1375/4507 1192/1378/4508
f 1225/1458/4509 1228/1457/4510 1192/1461/4511 1194/1462/4512
f 1229/1403/4513 1213/1411/4514 1214/1414/4515 1230/1404/4516
f 1231/1406/4517 1230/1405/4518 1214/1416/4519 1215/1415/4520
f 1232/1408/4521 1231/1407/4522 1215/1420/4523 1216/1419/4524
f 1229/1410/4525 1232/1409/4526 1216/1424/4527 1213/1423/4528
f 1233/1412/4529 1237/1463/4530 1238/1464/4531 1234/1413/4532
f 1235/1418/4533 1234/1417/4534 1238/1465/4535 1239/1466/4536
f 1236/1422/4537 1235/1421/4538 1239/1467/4539 1240/1468/4540
f 1233/1426/4541 1236/1425/4542 1240/1469/4543 1237/1470/4544
f 1237/1463/4545 1217/1427/4546 1218/1430/4547 1238/1464/4548
f 1239/1466/4549 1238/1465/4550 1218/1432/4551 1219/1431/4552
f 1240/1468/4553 1239/1467/4554 1219/1436/4555 1220/1435/4556
f 1237/1470/4557 1240/1469/4558 1220/1440/4559 1217/1439/4560
f 1241/1428/4561 1221/1443/4562 1222/1446/4563 1242/1429/4564
f 1243/1434/4565 1242/1433/4566 1222/1448/4567 1223/1447/4568
f 1244/1438/4569 1243/1437/4570 1223/1452/4571 1224/1451/4572
f 1241/1442/4573 1244/1441/4574 1224/1456/4575 1221/1455/4576
